trace_id,play_video_id,current_chunk,quality,rebuf,smooth,Thuong,,,,Fix_B,trace_id,play_video_id,current_chunk,quality,rebuf,smooth
0,0,0,750,239,0,,,,,,0,0,0,750,239,0
0,0,0.752,1850,0,1100,,,,,,0,0,0.752,1850,0,1100
0,0,2,1850,372,0,,,,,,0,0,2,1850,372,0
0,0,3,1850,277,0,,,,,,0,0,3,1850,277,0
0,0,3.877,1850,0,0,,,,,,0,0,3.877,1850,0,0
0,0,5,750,1152,1100,,,,,,0,0,5,750,1152,1100
0,0,5.566,750,0,0,,,,,,0,0,5.566,750,0,0
0,0,6.275,750,0,0,,,,,,0,0,6.275,750,0,0
0,0,6.902,750,0,0,,,,,,0,0,7.219,1200,0,450
0,0,7.071,1850,0,0,,,,,,0,0,8.322,1200,0,0
0,0,7.713,750,0,0,,,,,,0,0,9.454,1200,0,0
0,0,7.857,1200,0,650,,,,,,0,0,9.875,750,0,450
0,0,8.403,1200,0,0,,,,,,0,0,12,1200,736,450
0,0,9.621,1200,0,450,,,,,,0,1,0,0,644,0
0,0,10.042,750,0,450,,,,,,0,1,0,1850,323,650
0,0,11.367,750,0,1850,,,,,,0,1,0.305,1850,0,0
0,1,0.761,0,0,0,,,,,,0,1,1.08,750,0,1100
0,1,3,750,473,450,,,,,,0,1,3,750,463,0
0,1,4,750,822,0,,,,,,0,1,4,750,953,0
0,1,5,750,642,0,,,,,,0,1,5,750,378,0
0,1,6,750,178,0,,,,,,0,1,6,750,331,0
0,1,7,750,385,0,,,,,,0,1,7,750,374,0
0,1,7.982,750,0,0,,,,,,0,1,7.803,750,0,0
0,1,8.861,750,0,0,,,,,,0,1,8.511,750,0,0
0,1,9.564,750,0,0,,,,,,0,1,9.205,750,0,0
0,1,10.354,750,0,0,,,,,,0,1,10.319,750,0,0
0,1,11.01,1200,0,450,,,,,,0,1,11.028,750,0,0
0,1,11.181,1200,0,0,,,,,,0,1,11.262,1850,0,1100
0,1,12.093,750,0,0,,,,,,0,1,11.491,1850,0,0
0,1,12.265,1200,0,0,,,,,,0,1,14.451,750,0,1100
0,1,13.231,750,0,0,,,,,,0,1,16,750,394,0
0,1,15,750,1183,450,,,,,,0,1,17,750,21,0
0,1,16,750,1034,0,,,,,,0,1,18,750,574,0
0,1,17,750,16,0,,,,,,0,1,18.933,750,0,0
0,1,18,750,474,0,,,,,,0,1,19.694,750,0,0
0,1,19,750,23,0,,,,,,0,1,20.827,1850,0,1100
0,1,19.749,750,0,0,,,,,,0,1,20.959,1850,0,0
0,1,20.45,1200,0,450,,,,,,0,1,21.125,1850,0,0
0,1,20.563,1200,0,0,,,,,,0,1,21.248,1850,0,0
0,1,21.346,750,0,0,,,,,,0,1,21.56,1200,0,650
0,1,21.478,1200,0,0,,,,,,0,1,22.39,1200,0,0
0,1,22.175,1200,0,0,,,,,,0,1,24.239,1200,0,0
0,1,22.294,1200,0,0,,,,,,0,1,24.976,750,0,450
0,1,23.456,0,0,0,,,,,,0,1,25.875,750,0,0
0,1,24.164,1200,0,0,,,,,,0,2,0.445,750,0,0
0,1,24.87,0,0,0,,,,,,0,2,1.109,750,0,0
0,1,25.443,750,0,450,,,,,,0,2,1.986,750,0,0
0,2,0.321,750,0,0,,,,,,0,2,2.648,0,0,0
0,2,1.111,750,0,0,,,,,,0,2,3.529,750,0,0
0,2,1.95,750,0,0,,,,,,0,2,4.672,750,0,0
0,2,2.854,1200,0,0,,,,,,0,2,5.928,750,0,0
0,2,3.48,750,0,0,,,,,,0,2,7.154,750,0,0
0,2,4.556,750,0,0,,,,,,0,2,8.352,750,0,0
0,2,5.797,750,0,0,,,,,,0,2,8.814,750,0,0
0,2,7,750,181,0,,,,,,0,2,9.786,1850,0,1100
0,2,8,750,396,0,,,,,,0,2,10.697,1200,0,650
0,2,8.417,750,0,0,,,,,,0,2,11.457,1200,0,0
0,2,9.073,750,0,0,,,,,,0,2,12.042,750,0,450
0,2,9.451,750,0,0,,,,,,0,2,13.055,1850,0,1100
0,2,9.912,750,0,450,,,,,,0,2,13.946,1850,0,0
0,2,10.935,0,0,0,,,,,,0,2,14.618,0,0,0
0,2,11.397,1200,0,450,,,,,,0,2,15.128,1200,0,650
0,2,11.956,1200,0,0,,,,,,0,2,16.011,1850,0,650
0,2,12.405,1200,0,450,,,,,,0,2,17.416,1850,0,0
0,2,13.083,1200,0,0,,,,,,0,2,18.138,1200,0,650
0,2,13.821,750,0,450,,,,,,0,2,19.014,1850,0,650
0,2,14.386,1200,0,0,,,,,,0,2,19.454,1200,0,650
0,2,14.792,1200,0,450,,,,,,0,2,20.738,0,0,0
0,2,15.461,0,0,0,,,,,,0,2,21.344,1200,0,0
0,2,15.96,1200,0,0,,,,,,0,2,21.91,1850,0,650
0,2,16.46,0,0,0,,,,,,0,2,22.509,1850,0,1100
0,2,17.397,1200,0,0,,,,,,0,2,23.595,1200,0,650
0,2,18.24,1200,0,0,,,,,,0,2,24.549,1200,0,0
0,2,19.064,1200,0,0,,,,,,0,2,25.047,1200,0,0
0,2,19.61,1200,0,0,,,,,,0,2,26.338,1850,0,650
0,2,20.11,0,0,0,,,,,,0,2,27.135,1200,0,650
0,2,20.479,1200,0,0,,,,,,0,2,27.591,1200,0,0
0,2,20.979,0,0,0,,,,,,0,2,28.57,1850,0,0
0,2,21.479,0,0,0,,,,,,0,2,29.514,1200,0,0
0,2,21.914,750,0,450,,,,,,0,2,30.031,1200,0,0
0,2,22.414,0,0,0,,,,,,0,2,30.682,1850,0,650
0,2,22.909,750,0,0,,,,,,0,2,31.342,1850,0,0
0,2,23.409,0,0,0,,,,,,0,2,31.946,1850,0,0
0,2,23.831,750,0,0,,,,,,0,2,32.865,1850,0,0
0,2,24.331,0,0,0,,,,,,0,2,33.23,1850,0,0
0,2,24.925,750,0,0,,,,,,0,2,33.846,1850,0,0
0,2,25.425,0,0,0,,,,,,0,2,35.067,1850,0,0
0,2,25.749,750,0,0,,,,,,0,2,35.555,0,0,0
0,2,26.249,0,0,0,,,,,,0,3,0.023,0,0,0
0,2,26.529,750,0,0,,,,,,0,4,0.74,0,0,0
0,2,27.029,0,0,0,,,,,,0,4,1.727,750,0,2950
0,2,27.325,750,0,0,,,,,,0,4,2.679,0,0,0
0,2,27.825,0,0,0,,,,,,0,4,3.494,0,0,0
0,2,28.325,0,0,0,,,,,,0,4,4.318,0,0,0
0,2,28.686,750,0,0,,,,,,0,5,0.154,0,0,0
0,2,29.186,0,0,0,,,,,,0,5,0.816,0,0,0
0,2,29.737,750,0,0,,,,,,0,6,0,1850,77,0
0,2,30.237,0,0,0,,,,,,0,6,1,1200,73,650
0,2,30.848,750,0,0,,,,,,0,7,1,0,0,0
0,2,31.348,0,0,0,,,,,,1,0,0,750,300,0
0,2,31.959,750,0,0,,,,,,1,0,0.543,1200,0,450
0,2,32.459,0,0,0,,,,,,1,0,1.555,1850,0,650
0,2,33.07,750,0,0,,,,,,1,0,2.255,1850,0,0
0,2,33.431,750,0,0,,,,,,1,0,2.625,1850,0,0
0,2,33.931,0,0,0,,,,,,1,0,3.374,750,0,1100
0,2,34.431,0,0,0,,,,,,1,0,4.191,1850,0,1100
0,2,34.77,750,0,0,,,,,,1,0,5.223,1200,0,650
0,2,35.27,0,0,0,,,,,,1,0,6.135,1200,0,0
0,2,35.77,0,0,0,,,,,,1,0,7.385,1200,0,0
0,2,36.27,0,0,0,,,,,,1,0,8.227,1200,0,0
0,2,36.77,0,0,0,,,,,,1,0,8.843,750,0,450
0,3,0.27,0,0,0,,,,,,1,0,9.321,750,0,0
0,4,0.259,0,0,0,,,,,,1,0,10.016,0,0,0
0,4,0.724,750,0,0,,,,,,1,0,10.452,0,0,0
0,4,1.224,0,0,0,,,,,,1,0,10.643,1850,0,1100
0,4,1.724,0,0,0,,,,,,1,0,10.826,1850,0,0
0,4,2.224,0,0,0,,,,,,1,0,11.384,1200,0,650
0,4,2.731,750,0,1200,,,,,,1,0,12.192,0,0,0
0,4,3.231,0,0,0,,,,,,1,1,0.945,0,0,0
0,4,3.643,0,0,0,,,,,,1,1,2.244,750,0,450
0,4,4.143,0,0,0,,,,,,1,1,3.613,750,0,0
0,4,4.466,0,0,0,,,,,,1,1,4.91,750,0,0
0,5,0.008,0,0,0,,,,,,1,1,5.513,750,0,0
0,5,0.387,0,0,0,,,,,,1,1,6.442,750,0,0
0,5,0.933,0,0,0,,,,,,1,1,7.16,750,0,0
0,5,1.433,0,0,0,,,,,,1,1,7.92,1200,0,450
0,6,0.405,0,0,0,,,,,,1,1,8.73,1200,0,0
0,6,0.905,0,0,0,,,,,,1,1,10.069,1200,0,0
0,6,1.405,0,0,0,,,,,,1,1,10.47,1200,0,0
0,7,1.405,0,0,0,,,,,,1,1,10.592,1850,0,650
1,0,0,750,300,0,,,,,,1,1,10.716,1850,0,0
1,0,0.812,1850,0,1100,,,,,,1,1,11.044,750,0,0
1,0,2,1850,1,0,,,,,,1,1,12.355,750,0,1100
1,0,2.54,1850,0,0,,,,,,1,1,13.585,750,0,0
1,0,2.817,1850,0,0,,,,,,1,1,14.453,750,0,0
1,0,4.756,1850,0,0,,,,,,1,1,15.171,750,0,0
1,0,5.961,1850,0,0,,,,,,1,1,16.375,1200,0,450
1,0,7,1850,1333,0,,,,,,1,1,17.337,750,0,450
1,0,8,1850,350,0,,,,,,1,1,17.877,1200,0,450
1,0,9,1850,818,0,,,,,,1,1,18.512,1200,0,450
1,0,10,1850,589,0,,,,,,1,1,18.618,1850,0,650
1,0,11,1850,800,0,,,,,,1,1,19.074,750,0,450
1,0,12,1850,1278,0,,,,,,1,1,19.199,1850,0,0
1,1,0,0,978,0,,,,,,1,1,19.603,750,0,0
1,1,0,1850,188,0,,,,,,1,1,20.473,1850,0,0
1,1,0.18,1850,0,0,,,,,,1,1,20.578,1850,0,0
1,1,1.134,1850,0,0,,,,,,1,1,20.892,0,0,0
1,1,3,1850,1489,0,,,,,,1,1,21.956,0,0,0
1,1,4,1850,1439,0,,,,,,1,1,22.221,1850,0,0
1,1,5,1850,819,0,,,,,,1,1,23.186,0,0,0
1,1,6,1850,935,0,,,,,,1,1,23.739,1850,0,0
1,1,7,1850,501,0,,,,,,1,1,24.912,1850,0,0
1,1,7.957,1850,0,0,,,,,,1,1,25.504,1200,0,650
1,1,8.821,1850,0,0,,,,,,1,2,0.485,1200,0,0
1,1,9.862,1850,0,0,,,,,,1,2,1.166,1850,0,1100
1,1,10.878,1850,0,0,,,,,,1,2,1.98,1850,0,0
1,1,11.544,1850,0,0,,,,,,1,2,2.764,1850,0,1100
1,1,11.663,1850,0,0,,,,,,1,2,3.566,1200,0,650
1,1,12.625,1850,0,0,,,,,,1,2,4.096,1200,0,0
1,1,12.771,1850,0,0,,,,,,1,2,5.298,1850,0,650
1,1,13.6,1850,0,0,,,,,,1,2,7.037,1850,0,0
1,1,15,1850,1407,0,,,,,,1,2,7.96,750,0,1100
1,1,16,1850,3878,0,,,,,,1,2,8.888,750,0,0
1,1,17,1850,3239,0,,,,,,1,2,9.656,750,0,0
1,1,18,1850,504,0,,,,,,1,2,10.658,750,0,0
1,1,18.848,1850,0,0,,,,,,1,2,11.623,750,0,0
1,1,20,1850,337,0,,,,,,1,2,13.084,750,0,0
1,1,20.643,1850,0,0,,,,,,1,2,13.66,750,0,0
1,1,20.745,1850,0,0,,,,,,1,2,14.102,1200,0,450
1,1,21.506,1850,0,0,,,,,,1,2,15.081,1850,0,650
1,1,21.619,1850,0,0,,,,,,1,2,15.763,1850,0,0
1,1,22.141,1850,0,0,,,,,,1,2,16.288,1850,0,0
1,1,22.24,1850,0,0,,,,,,1,2,17.492,1850,0,0
1,1,22.76,0,0,0,,,,,,1,2,18.023,1200,0,650
1,1,23.48,0,0,0,,,,,,1,2,18.796,1850,0,650
1,1,23.755,1850,0,0,,,,,,1,2,19.479,0,0,0
1,1,24.641,1850,0,0,,,,,,1,2,20.164,1850,0,0
1,2,0.546,1850,0,0,,,,,,1,2,20.836,1850,0,0
1,2,2.538,1850,0,0,,,,,,1,2,21.668,0,0,0
1,2,4,1850,165,0,,,,,,1,2,23.047,1850,0,0
1,2,5,1850,1404,0,,,,,,1,2,24.243,750,0,1100
1,2,6,1850,1283,0,,,,,,1,2,25,750,0,0
1,2,7,1850,1234,0,,,,,,1,2,25.791,750,0,0
1,2,8,1850,647,0,,,,,,1,2,26.624,750,0,0
1,2,9,1850,213,0,,,,,,1,2,27.529,750,0,0
1,2,9.857,1850,0,0,,,,,,1,2,28.884,750,0,0
1,2,10.754,1850,0,0,,,,,,1,2,30.052,750,0,0
1,2,12,1850,4,0,,,,,,1,2,30.748,750,0,0
1,2,12.984,1850,0,0,,,,,,1,2,32.065,1200,0,450
1,2,14,1850,98,0,,,,,,1,2,32.822,750,0,450
1,2,15,1850,307,0,,,,,,1,2,33.773,1200,0,450
1,2,15.846,1850,0,0,,,,,,1,2,34.785,1200,0,650
1,2,16.771,1850,0,0,,,,,,1,2,35.413,750,0,450
1,2,18,1850,62,0,,,,,,1,2,36.115,0,0,0
1,2,19,1850,21,0,,,,,,1,3,0.027,0,0,0
1,2,20,1850,74,0,,,,,,1,3,0.67,0,0,0
1,2,20.993,1850,0,0,,,,,,1,4,0.265,0,0,0
1,2,21.827,1850,0,0,,,,,,1,4,0.799,750,0,2300
1,2,23,1850,65,0,,,,,,1,4,1.299,0,0,0
1,2,24,1850,105,0,,,,,,1,4,1.82,0,0,0
1,2,24.997,1850,0,0,,,,,,1,4,2.32,0,0,0
1,2,25.849,1850,0,0,,,,,,1,4,2.776,0,0,0
1,2,26.468,1850,0,0,,,,,,1,4,3.276,0,0,0
1,2,27.095,1850,0,0,,,,,,1,4,3.626,0,0,0
1,2,28.567,1850,0,0,,,,,,1,4,4.126,0,0,0
1,2,29.304,1850,0,0,,,,,,1,4,4.586,0,0,0
1,2,30.614,1850,0,0,,,,,,1,5,0.128,0,0,0
1,2,32,1850,1685,0,,,,,,1,5,0.774,0,0,0
1,2,32.927,1850,0,0,,,,,,1,5,1.274,0,0,0
1,2,34,1850,186,0,,,,,,1,6,0.464,0,0,0
1,2,34.961,1850,0,0,,,,,,1,6,1.05,0,0,0
1,2,35.758,1850,0,0,,,,,,1,7,1.05,0,0,0
1,3,0.06,1850,0,0,,,,,,2,0,0,750,472,0
1,4,1.919,0,0,0,,,,,,2,0,0.595,750,0,0
1,4,3,1850,1787,0,,,,,,2,0,1.44,750,0,0
1,4,4,1850,1570,0,,,,,,2,0,2.481,1200,0,450
1,5,0,0,1578,0,,,,,,2,0,3.205,1850,0,650
1,5,0,1850,1521,0,,,,,,2,0,5,750,794,1100
1,5,1,1850,1475,0,,,,,,2,0,6,750,8,0
1,6,0,0,1665,0,,,,,,2,0,7,750,350,0
1,6,0,1850,1244,0,,,,,,2,0,8,750,272,0
1,6,1,1850,488,0,,,,,,2,0,9,750,185,0
1,7,1,0,0,0,,,,,,2,0,9.775,750,0,0
2,0,0,750,472,0,,,,,,2,0,10.953,750,0,0
2,0,0.595,750,0,0,,,,,,2,0,12,750,207,0
2,0,1.44,750,0,0,,,,,,2,1,0,0,331,0
2,0,2.481,1200,0,450,,,,,,2,1,0,1850,255,1100
2,0,2.951,1200,0,0,,,,,,2,1,0.268,1850,0,0
2,0,5,750,452,450,,,,,,2,1,1.018,750,0,1100
2,0,6,750,150,0,,,,,,2,1,3,750,5,0
2,0,7,750,339,0,,,,,,2,1,4,750,313,0
2,0,8,750,212,0,,,,,,2,1,5,750,572,0
2,0,9,750,151,0,,,,,,2,1,6,750,527,0
2,0,9.844,750,0,0,,,,,,2,1,7,750,247,0
2,0,11,750,18,0,,,,,,2,1,8,750,14,0
2,0,12,750,250,0,,,,,,2,1,9,750,108,0
2,1,0,0,617,0,,,,,,2,1,10,750,320,0
2,1,0,1200,193,450,,,,,,2,1,11,750,136,0
2,1,0.185,1200,0,0,,,,,,2,1,11.764,750,0,0
2,1,1.218,1200,0,0,,,,,,2,1,11.999,1850,0,1100
2,1,3,750,162,450,,,,,,2,1,12.229,1850,0,0
2,1,4,750,289,0,,,,,,2,1,15,750,597,1100
2,1,5,750,698,0,,,,,,2,1,16,750,112,0
2,1,6,750,492,0,,,,,,2,1,16.593,750,0,0
2,1,7,750,294,0,,,,,,2,1,17.646,1200,0,450
2,1,7.972,750,0,0,,,,,,2,1,18.716,1200,0,0
2,1,9,750,155,0,,,,,,2,1,19.533,1200,0,0
2,1,10,750,326,0,,,,,,2,1,20.267,1850,0,650
2,1,11,750,65,0,,,,,,2,1,20.403,1850,0,0
2,1,12,1200,124,450,,,,,,2,1,20.745,1850,0,0
2,1,12.204,1200,0,0,,,,,,2,1,21.037,1850,0,0
2,1,12.413,1200,0,0,,,,,,2,1,21.259,750,0,1100
2,1,13.435,750,0,0,,,,,,2,1,21.732,1200,0,0
2,1,15,750,774,450,,,,,,2,1,22.332,1850,0,650
2,1,15.977,750,0,0,,,,,,2,1,23.568,1850,0,0
2,1,16.511,750,0,0,,,,,,2,1,24.148,1200,0,650
2,1,17.366,750,0,0,,,,,,2,1,25.003,1850,0,0
2,1,18.074,750,0,0,,,,,,2,1,25.662,0,0,0
2,1,18.741,750,0,0,,,,,,2,2,0.713,0,0,0
2,1,19.242,1200,0,450,,,,,,2,2,1.502,1850,0,650
2,1,19.547,1200,0,450,,,,,,2,2,2.311,1200,0,650
2,1,20.861,1200,0,0,,,,,,2,2,3.126,1200,0,0
2,1,20.958,1200,0,0,,,,,,2,2,3.607,1200,0,0
2,1,21.376,1200,0,0,,,,,,2,2,4.563,0,0,0
2,1,21.48,1200,0,0,,,,,,2,2,5.678,1850,0,650
2,1,21.856,0,0,0,,,,,,2,2,6.929,1850,0,0
2,1,22.48,0,0,0,,,,,,2,2,7.683,1200,0,650
2,1,22.582,1200,0,0,,,,,,2,2,8.638,1200,0,0
2,1,23.316,1200,0,0,,,,,,2,2,9.718,1200,0,0
2,1,23.539,1200,0,0,,,,,,2,2,10.229,750,0,450
2,1,24.143,1200,0,0,,,,,,2,2,10.636,1200,0,450
2,1,24.896,1200,0,0,,,,,,2,2,11.171,1850,0,0
2,1,25.323,1200,0,650,,,,,,2,2,12.853,1200,0,0
2,2,0.156,1200,0,0,,,,,,2,2,13.381,750,0,450
2,2,0.645,1200,0,0,,,,,,2,2,14.238,1200,0,450
2,2,1.292,0,0,0,,,,,,2,2,15.056,750,0,450
2,2,1.654,1200,0,0,,,,,,2,2,15.958,750,0,0
2,2,2.323,1200,0,0,,,,,,2,2,17.079,750,0,1100
2,2,3.041,1200,0,0,,,,,,2,2,18.134,750,0,0
2,2,3.524,1200,0,0,,,,,,2,2,18.907,750,0,0
2,2,4.185,0,0,0,,,,,,2,2,19.569,750,0,0
2,2,4.736,1200,0,0,,,,,,2,2,20.467,750,0,0
2,2,5.236,0,0,0,,,,,,2,2,21.32,750,0,0
2,2,5.997,1200,0,0,,,,,,2,2,21.858,750,0,0
2,2,6.497,0,0,0,,,,,,2,2,22.644,750,0,0
2,2,6.94,750,0,450,,,,,,2,2,23.926,750,0,0
2,2,7.44,0,0,0,,,,,,2,2,24.458,750,0,0
2,2,7.858,750,0,0,,,,,,2,2,25.65,1200,0,450
2,2,8.358,0,0,0,,,,,,2,2,26.43,750,0,450
2,2,8.992,750,0,0,,,,,,2,2,27.239,750,0,0
2,2,9.492,0,0,0,,,,,,2,2,28.19,750,0,0
2,2,10.201,750,0,0,,,,,,2,2,29.13,750,0,0
2,2,10.555,750,0,0,,,,,,2,2,29.825,750,0,0
2,2,11.055,0,0,0,,,,,,2,2,30.483,750,0,0
2,2,11.591,750,0,0,,,,,,2,2,31.062,1200,0,450
2,2,12.091,0,0,0,,,,,,2,2,32.229,1850,0,650
2,2,12.859,750,0,0,,,,,,2,2,32.994,1850,0,0
2,2,13.359,0,0,0,,,,,,2,2,33.679,1850,0,1100
2,2,14.577,750,0,0,,,,,,2,2,35.555,1850,0,0
2,2,14.848,750,0,0,,,,,,2,2,36.017,0,0,0
2,2,15.348,0,0,0,,,,,,2,3,0.013,0,0,0
2,2,15.595,750,0,0,,,,,,2,3,0.814,0,0,0
2,2,16.095,0,0,0,,,,,,2,4,0.24,1850,0,0
2,2,16.457,750,0,0,,,,,,2,4,1.507,1850,0,2950
2,2,16.957,0,0,0,,,,,,2,4,1.961,0,0,0
2,2,17.457,0,0,0,,,,,,2,4,2.36,1850,0,0
2,2,17.806,750,0,0,,,,,,2,4,3.183,0,0,0
2,2,18.306,0,0,0,,,,,,2,4,3.985,0,0,0
2,2,18.984,750,0,0,,,,,,2,4,4.796,0,0,0
2,2,19.484,0,0,0,,,,,,2,5,0.588,0,0,0
2,2,20.514,750,0,0,,,,,,2,5,1.181,0,0,0
2,2,21.014,750,0,0,,,,,,2,6,0.772,0,0,0
2,2,21.702,750,0,0,,,,,,2,7,0.772,0,0,0
2,2,22.202,0,0,0,,,,,,3,0,0,750,451,0
2,2,22.93,750,0,0,,,,,,3,0,0.938,1200,0,450
2,2,23.43,0,0,0,,,,,,3,0,1.64,1200,0,0
2,2,24.068,750,0,0,,,,,,3,0,2.296,1850,0,650
2,2,25.501,750,0,0,,,,,,3,0,2.733,1850,0,0
2,2,26.357,750,0,0,,,,,,3,0,4.275,750,0,1100
2,2,27.091,750,0,0,,,,,,3,0,5.166,750,0,0
2,2,27.806,750,0,0,,,,,,3,0,5.895,750,0,0
2,2,28.306,0,0,0,,,,,,3,0,6.752,750,0,0
2,2,29.205,750,0,0,,,,,,3,0,7.892,750,0,0
2,2,30.131,750,0,0,,,,,,3,0,8.699,750,0,0
2,2,30.92,750,0,0,,,,,,3,0,9.666,750,0,0
2,2,31.42,0,0,0,,,,,,3,0,10.87,750,0,0
2,2,32.174,750,0,0,,,,,,3,0,11.536,0,0,0
2,2,33.11,750,0,0,,,,,,3,0,12.147,0,0,0
2,2,33.753,750,0,0,,,,,,3,1,0,0,733,0
2,2,34.253,0,0,0,,,,,,3,1,0,1850,431,1100
2,2,34.691,750,0,0,,,,,,3,1,0.226,1850,0,0
2,2,35.191,0,0,0,,,,,,3,1,0.804,1200,0,650
2,2,35.691,0,0,0,,,,,,3,1,2.292,750,0,450
2,2,36.191,0,0,0,,,,,,3,1,3.505,750,0,0
2,2,36.691,0,0,0,,,,,,3,1,4.288,750,0,0
2,3,0.191,0,0,0,,,,,,3,1,5.53,750,0,0
2,4,0.45,0,0,0,,,,,,3,1,6.631,750,0,0
2,4,1.432,750,0,450,,,,,,3,1,7.457,750,0,0
2,4,1.932,0,0,0,,,,,,3,1,8.388,750,0,0
2,4,2.432,0,0,0,,,,,,3,1,9.319,750,0,0
2,4,3.183,750,0,1200,,,,,,3,1,10.24,750,0,0
2,4,4.175,0,0,0,,,,,,3,1,11.118,1200,0,450
2,5,0.095,0,0,0,,,,,,3,1,11.246,1850,0,650
2,5,0.814,0,0,0,,,,,,3,1,11.376,1850,0,0
2,5,1.326,0,0,0,,,,,,3,1,12.584,750,0,1100
2,6,0.298,0,0,0,,,,,,3,1,14.497,750,0,0
2,6,0.798,0,0,0,,,,,,3,1,15.546,750,0,0
2,6,1.298,0,0,0,,,,,,3,1,16.26,750,0,0
2,7,1.298,0,0,0,,,,,,3,1,17.278,1200,0,450
3,0,0,750,451,0,,,,,,3,1,18.017,1200,0,0
3,0,0.938,1200,0,450,,,,,,3,1,18.491,1850,0,650
3,0,1.485,750,0,450,,,,,,3,1,18.589,1850,0,0
3,0,1.862,1200,0,450,,,,,,3,1,18.869,750,0,0
3,0,2.187,1200,0,0,,,,,,3,1,19.92,1850,0,1100
3,0,3.507,750,0,450,,,,,,3,1,20.036,1850,0,0
3,0,3.708,1200,0,450,,,,,,3,1,20.146,1850,0,0
3,0,3.929,1200,0,0,,,,,,3,1,20.6,750,0,1100
3,0,4.553,1200,0,0,,,,,,3,1,21.156,1200,0,450
3,0,5.446,750,0,0,,,,,,3,1,21.435,1850,0,0
3,0,6.166,750,0,0,,,,,,3,1,22.028,1850,0,0
3,0,7.072,750,0,0,,,,,,3,1,22.775,0,0,0
3,0,8.214,750,0,0,,,,,,3,1,23.786,0,0,0
3,0,9.368,1200,0,450,,,,,,3,1,24.639,0,0,0
3,0,10.461,750,0,450,,,,,,3,1,25.796,1850,0,0
3,0,11.505,750,0,1200,,,,,,3,2,0.661,1200,0,650
3,0,12.126,0,0,0,,,,,,3,2,1.834,1200,0,0
3,1,0.354,0,0,0,,,,,,3,2,2.609,750,0,450
3,1,2.057,750,0,450,,,,,,3,2,3.31,750,0,0
3,1,3.114,750,0,0,,,,,,3,2,3.983,1200,0,450
3,1,4.179,750,0,0,,,,,,3,2,4.929,1850,0,650
3,1,4.959,750,0,0,,,,,,3,2,5.646,1200,0,0
3,1,5.68,750,0,0,,,,,,3,2,6.512,1850,0,650
3,1,7.061,1200,0,450,,,,,,3,2,7.291,1850,0,0
3,1,8.22,1200,0,0,,,,,,3,2,8.111,1850,0,0
3,1,9.571,1200,0,0,,,,,,3,2,9.097,1850,0,0
3,1,10.557,750,0,450,,,,,,3,2,9.719,1200,0,650
3,1,11.398,1200,0,450,,,,,,3,2,10.396,1200,0,650
3,1,11.586,1200,0,0,,,,,,3,2,11.521,1850,0,650
3,1,12.356,750,0,0,,,,,,3,2,12.113,750,0,1100
3,1,12.471,1200,0,0,,,,,,3,2,13.512,1850,0,1100
3,1,12.855,750,0,0,,,,,,3,2,14.313,1200,0,650
3,1,13.236,750,0,0,,,,,,3,2,14.741,750,0,450
3,1,15,750,200,450,,,,,,3,2,16.125,1850,0,0
3,1,16,750,424,0,,,,,,3,2,16.873,750,0,0
3,1,16.807,750,0,0,,,,,,3,2,17.327,750,0,0
3,1,17.563,750,0,0,,,,,,3,2,18.096,1850,0,1100
3,1,18.338,750,0,0,,,,,,3,2,18.981,1850,0,0
3,1,18.718,750,0,0,,,,,,3,2,19.669,1850,0,0
3,1,19.063,1200,0,0,,,,,,3,2,20.988,1850,0,0
3,1,19.404,1200,0,450,,,,,,3,2,21.851,1200,0,650
3,1,20.188,0,0,0,,,,,,3,2,22.407,1200,0,0
3,1,20.283,1200,0,0,,,,,,3,2,23.273,1200,0,0
3,1,20.877,0,0,0,,,,,,3,2,24.438,1850,0,650
3,1,21.349,1200,0,0,,,,,,3,2,24.976,1200,0,650
3,1,21.46,1200,0,0,,,,,,3,2,25.717,0,0,0
3,1,22.009,1200,0,0,,,,,,3,2,26.641,1850,0,650
3,1,22.106,1200,0,0,,,,,,3,2,28.466,1850,0,0
3,1,22.597,1200,0,0,,,,,,3,2,28.944,750,0,1100
3,1,23.098,1200,0,450,,,,,,3,2,29.917,1200,0,450
3,1,23.346,1200,0,0,,,,,,3,2,30.625,1200,0,0
3,1,23.874,1200,0,0,,,,,,3,2,31.68,1850,0,650
3,1,24.602,0,0,0,,,,,,3,2,32.536,1200,0,650
3,1,25.102,0,0,0,,,,,,3,2,33.307,1850,0,650
3,1,25.602,0,0,0,,,,,,3,2,33.954,0,0,0
3,2,0.102,0,0,0,,,,,,3,2,34.727,1850,0,0
3,2,0.785,1200,0,450,,,,,,3,2,35.256,1200,0,650
3,2,1.256,1200,0,0,,,,,,3,2,35.931,0,0,0
3,2,2.119,1200,0,0,,,,,,3,2,36.698,0,0,0
3,2,2.699,1200,0,0,,,,,,3,3,0.198,0,0,0
3,2,3.82,0,0,0,,,,,,3,3,0.684,0,0,0
3,2,5,1200,50,0,,,,,,3,4,0.279,0,0,0
3,2,5.703,750,0,450,,,,,,3,4,0.664,750,0,2300
3,2,6.375,1200,0,450,,,,,,3,4,1.164,0,0,0
3,2,7.096,1200,0,0,,,,,,3,4,1.458,0,0,0
3,2,7.817,1200,0,0,,,,,,3,4,1.958,0,0,0
3,2,8.317,0,0,0,,,,,,3,4,2.458,0,0,0
3,2,8.849,1200,0,0,,,,,,3,4,2.795,0,0,0
3,2,9.349,0,0,0,,,,,,3,4,3.295,0,0,0
3,2,9.814,750,0,450,,,,,,3,4,3.652,0,0,0
3,2,10.314,0,0,0,,,,,,3,4,4.152,0,0,0
3,2,10.66,750,0,0,,,,,,3,4,4.491,0,0,0
3,2,11.16,0,0,0,,,,,,3,5,0.033,0,0,0
3,2,11.55,750,0,0,,,,,,3,5,0.35,0,0,0
3,2,12.05,0,0,0,,,,,,3,5,0.85,0,0,0
3,2,12.433,750,0,0,,,,,,3,5,1.35,0,0,0
3,2,12.933,0,0,0,,,,,,3,6,0.116,0,0,0
3,2,13.433,0,0,0,,,,,,3,6,0.839,0,0,0
3,2,14,750,0,0,,,,,,3,6,1.339,0,0,0
3,2,14.5,0,0,0,,,,,,3,7,1.339,0,0,0
3,2,14.89,750,0,0,,,,,,4,0,0,750,310,0
3,2,15.39,0,0,0,,,,,,4,0,0.638,1200,0,450
3,2,15.788,750,0,0,,,,,,4,0,1.885,1850,0,650
3,2,16.288,0,0,0,,,,,,4,0,3,1850,89,0
3,2,16.978,750,0,0,,,,,,4,0,3.678,1850,0,0
3,2,17.478,0,0,0,,,,,,4,0,5,750,1174,1100
3,2,17.922,750,0,0,,,,,,4,0,6,750,61,0
3,2,18.422,0,0,0,,,,,,4,0,7,750,583,0
3,2,18.841,750,0,0,,,,,,4,0,8,750,940,0
3,2,19.341,0,0,0,,,,,,4,0,9,750,693,0
3,2,19.721,750,0,0,,,,,,4,0,9.656,750,0,0
3,2,20.221,0,0,0,,,,,,4,0,10.487,750,0,0
3,2,20.66,750,0,0,,,,,,4,0,11.978,750,0,0
3,2,21.16,0,0,0,,,,,,4,1,0,0,728,0
3,2,21.777,750,0,0,,,,,,4,1,0,1850,501,1100
3,2,22.277,0,0,0,,,,,,4,1,0.301,1850,0,0
3,2,22.679,750,0,0,,,,,,4,1,0.922,750,0,1100
3,2,23.179,0,0,0,,,,,,4,1,3,750,49,0
3,2,23.495,750,0,0,,,,,,4,1,3.91,750,0,0
3,2,23.995,0,0,0,,,,,,4,1,4.651,750,0,0
3,2,24.495,0,0,0,,,,,,4,1,5.415,1200,0,450
3,2,25.268,750,0,0,,,,,,4,1,6.694,1200,0,0
3,2,25.924,750,0,0,,,,,,4,1,7.979,1200,0,0
3,2,26.424,0,0,0,,,,,,4,1,8.453,750,0,450
3,2,26.997,750,0,0,,,,,,4,1,9.245,1200,0,450
3,2,27.497,0,0,0,,,,,,4,1,10.35,1200,0,0
3,2,28.017,750,0,0,,,,,,4,1,11.412,1850,0,650
3,2,28.416,750,0,0,,,,,,4,1,11.567,1850,0,0
3,2,28.916,0,0,0,,,,,,4,1,11.726,1850,0,0
3,2,29.416,0,0,0,,,,,,4,1,13.48,750,0,1100
3,2,30.235,750,0,0,,,,,,4,1,15.371,750,0,0
3,2,31.177,750,0,0,,,,,,4,1,16.444,750,0,0
3,2,31.756,750,0,0,,,,,,4,1,17.597,750,0,0
3,2,32.256,0,0,0,,,,,,4,1,18.531,750,0,0
3,2,32.609,750,0,0,,,,,,4,1,19.348,750,0,0
3,2,33.109,0,0,0,,,,,,4,1,20.494,1850,0,1100
3,2,33.442,750,0,0,,,,,,4,1,20.609,1850,0,0
3,2,33.942,0,0,0,,,,,,4,1,20.753,1850,0,0
3,2,34.442,0,0,0,,,,,,4,1,20.875,1850,0,0
3,2,34.689,750,0,0,,,,,,4,1,21.346,750,0,0
3,2,35.189,0,0,0,,,,,,4,1,21.853,1850,0,0
3,2,35.689,0,0,0,,,,,,4,1,22.28,750,0,0
3,2,36.189,0,0,0,,,,,,4,1,23.258,1200,0,450
3,2,36.689,0,0,0,,,,,,4,1,23.969,1200,0,0
3,3,0.189,0,0,0,,,,,,4,1,25.012,1850,0,0
3,3,0.704,0,0,0,,,,,,4,1,25.494,0,0,0
3,4,0.264,0,0,0,,,,,,4,2,0.471,0,0,0
3,4,0.742,750,0,450,,,,,,4,2,1.157,1850,0,650
3,4,1.242,0,0,0,,,,,,4,2,2.197,1850,0,0
3,4,1.742,0,0,0,,,,,,4,2,2.722,1200,0,650
3,4,2.242,0,0,0,,,,,,4,2,4.487,0,0,0
3,4,2.566,750,0,1200,,,,,,4,2,5.266,1200,0,0
3,4,3.066,0,0,0,,,,,,4,2,6.266,1200,0,0
3,4,3.47,0,0,0,,,,,,4,2,7.126,1200,0,0
3,4,3.97,0,0,0,,,,,,4,2,8.33,1200,0,0
3,4,4.47,0,0,0,,,,,,4,2,9.008,750,0,450
3,5,0.187,0,0,0,,,,,,4,2,9.784,1200,0,450
3,5,0.727,0,0,0,,,,,,4,2,10.782,1200,0,0
3,5,1.244,0,0,0,,,,,,4,2,11.481,750,0,450
3,6,0.216,0,0,0,,,,,,4,2,12.257,750,0,0
3,6,0.716,0,0,0,,,,,,4,2,13.733,1200,0,450
3,6,1.216,0,0,0,,,,,,4,2,14.508,750,0,450
3,7,1.216,0,0,0,,,,,,4,2,15.262,750,0,0
4,0,0,750,310,0,,,,,,4,2,15.86,750,0,0
4,0,1,1850,67,1100,,,,,,4,2,16.562,1200,0,650
4,0,2,1850,593,0,,,,,,4,2,17.46,750,0,0
4,0,2.795,1200,0,650,,,,,,4,2,18.541,750,0,0
4,0,3.175,1200,0,0,,,,,,4,2,18.896,750,0,0
4,0,5,750,689,450,,,,,,4,2,19.789,1850,0,650
4,0,6,750,64,0,,,,,,4,2,20.967,1850,0,1100
4,0,7,750,629,0,,,,,,4,2,21.547,1200,0,650
4,0,8,750,939,0,,,,,,4,2,22.313,1850,0,650
4,0,9,750,629,0,,,,,,4,2,23.6,1200,0,650
4,0,9.648,750,0,0,,,,,,4,2,23.982,1200,0,0
4,0,10.497,750,0,0,,,,,,4,2,24.811,1850,0,0
4,0,11.986,750,0,0,,,,,,4,2,25.684,1850,0,650
4,1,0,0,1345,0,,,,,,4,2,27.012,1200,0,650
4,1,0,1200,233,450,,,,,,4,2,27.78,750,0,450
4,1,0.194,1200,0,0,,,,,,4,2,28.261,750,0,0
4,1,0.782,750,0,450,,,,,,4,2,29.021,1200,0,450
4,1,2.818,750,0,0,,,,,,4,2,29.762,1850,0,650
4,1,3.654,750,0,0,,,,,,4,2,31.071,1850,0,0
4,1,4.433,750,0,0,,,,,,4,2,32.922,1850,0,0
4,1,4.891,750,0,0,,,,,,4,2,33.793,750,0,1100
4,1,5.633,750,0,0,,,,,,4,2,34.47,750,0,0
4,1,6.535,1200,0,450,,,,,,4,2,35.221,750,0,0
4,1,7.734,1200,0,0,,,,,,4,2,36.174,750,0,0
4,1,8.339,1200,0,0,,,,,,4,3,0.048,0,0,0
4,1,9.167,1200,0,0,,,,,,4,4,0.092,0,0,0
4,1,10.401,1200,0,0,,,,,,4,4,1.156,750,0,1850
4,1,11.043,1200,0,0,,,,,,4,4,2.479,0,0,0
4,1,11.176,1200,0,0,,,,,,4,4,3.444,0,0,0
4,1,12.006,1200,0,0,,,,,,4,4,4.463,0,0,0
4,1,12.135,1200,0,0,,,,,,4,5,0.318,0,0,0
4,1,12.755,750,0,450,,,,,,4,6,0,0,66,0
4,1,13.425,1200,0,0,,,,,,4,6,0,750,499,0
4,1,15,750,630,450,,,,,,4,6,0.852,750,0,0
4,1,16,750,352,0,,,,,,4,7,0.852,0,0,0
4,1,17,750,297,0,,,,,,5,0,0,750,423,0
4,1,18,750,324,0,,,,,,5,0,0.907,1200,0,450
4,1,18.872,750,0,0,,,,,,5,0,1.879,1200,0,0
4,1,19.694,750,0,0,,,,,,5,0,2.685,1850,0,650
4,1,20.198,1200,0,450,,,,,,5,0,3.302,1850,0,0
4,1,20.297,1200,0,0,,,,,,5,0,4.414,750,0,1100
4,1,21.117,0,0,0,,,,,,5,0,6,1200,158,450
4,1,21.238,1200,0,0,,,,,,5,0,7,750,627,450
4,1,21.769,0,0,0,,,,,,5,0,8,750,636,0
4,1,22.357,1200,0,0,,,,,,5,0,9,750,405,0
4,1,22.491,1200,0,0,,,,,,5,0,10,750,108,0
4,1,23.137,750,0,450,,,,,,5,0,11,750,396,0
4,1,23.371,1200,0,0,,,,,,5,0,12,750,411,0
4,1,23.759,750,0,0,,,,,,5,1,0,0,410,0
4,1,24.156,1200,0,450,,,,,,5,1,0,1850,294,1100
4,1,24.882,1200,0,0,,,,,,5,1,0.301,1850,0,0
4,1,25.452,0,0,0,,,,,,5,1,1.093,750,0,1100
4,1,25.952,0,0,0,,,,,,5,1,2.778,750,0,0
4,2,0.452,0,0,0,,,,,,5,1,3.837,750,0,0
4,2,1.027,1200,0,450,,,,,,5,1,5,750,485,0
4,2,1.549,1200,0,0,,,,,,5,1,5.781,750,0,0
4,2,1.928,1200,0,0,,,,,,5,1,6.361,750,0,0
4,2,2.836,0,0,0,,,,,,5,1,6.932,1200,0,450
4,2,3.589,1200,0,0,,,,,,5,1,7.79,1850,0,650
4,2,4.537,1200,0,0,,,,,,5,1,8.813,1850,0,0
4,2,5.544,1200,0,0,,,,,,5,1,9.56,1200,0,650
4,2,6.37,1200,0,0,,,,,,5,1,9.972,1850,0,650
4,2,7.702,1200,0,0,,,,,,5,1,10.082,1850,0,0
4,2,8.671,1200,0,0,,,,,,5,1,10.194,1850,0,0
4,2,9.645,1200,0,0,,,,,,5,1,10.436,750,0,0
4,2,10.617,1200,0,0,,,,,,5,1,10.931,1850,0,1100
4,2,11.313,1200,0,0,,,,,,5,1,12.003,1850,0,0
4,2,12.093,1200,0,0,,,,,,5,1,13.437,750,0,1100
4,2,13.844,1200,0,0,,,,,,5,1,14.351,750,0,0
4,2,14.863,750,0,450,,,,,,5,1,15.261,750,0,0
4,2,15.731,1200,0,450,,,,,,5,1,15.84,750,0,0
4,2,16.716,1200,0,0,,,,,,5,1,16.618,1200,0,450
4,2,17.89,750,0,450,,,,,,5,1,17.512,1200,0,0
4,2,18.296,750,0,0,,,,,,5,1,17.974,1850,0,650
4,2,18.756,750,0,0,,,,,,5,1,18.555,1850,0,0
4,2,19.256,0,0,0,,,,,,5,1,18.65,1850,0,0
4,2,19.698,750,0,0,,,,,,5,1,19.005,750,0,0
4,2,20.198,0,0,0,,,,,,5,1,19.168,1850,0,0
4,2,20.635,750,0,0,,,,,,5,1,19.572,0,0,0
4,2,21.135,0,0,0,,,,,,5,1,20.121,0,0,0
4,2,21.743,750,0,0,,,,,,5,1,20.235,1850,0,0
4,2,22.243,0,0,0,,,,,,5,1,20.808,0,0,0
4,2,22.659,750,0,0,,,,,,5,1,21.44,1850,0,1100
4,2,23.159,0,0,0,,,,,,5,1,21.681,1850,0,0
4,2,23.492,750,0,0,,,,,,5,1,22.229,1850,0,0
4,2,23.992,0,0,0,,,,,,5,1,22.765,1850,0,0
4,2,24.492,0,0,0,,,,,,5,1,23.84,1850,0,0
4,2,25.02,750,0,0,,,,,,5,1,25.016,1850,0,1100
4,2,25.424,750,0,0,,,,,,5,1,25.423,750,0,1100
4,2,25.924,0,0,0,,,,,,5,2,0.209,0,0,0
4,2,26.424,0,0,0,,,,,,5,2,0.794,1850,0,0
4,2,26.814,750,0,0,,,,,,5,2,1.941,0,0,0
4,2,27.314,0,0,0,,,,,,5,2,2.676,1200,0,650
4,2,27.887,750,0,0,,,,,,5,2,3.402,1200,0,0
4,2,28.387,0,0,0,,,,,,5,2,4.828,1850,0,650
4,2,29.042,750,0,0,,,,,,5,2,5.23,750,0,1100
4,2,29.362,750,0,0,,,,,,5,2,5.781,1850,0,1100
4,2,29.862,0,0,0,,,,,,5,2,6.149,1850,0,1100
4,2,30.362,0,0,0,,,,,,5,2,7.226,1850,0,0
4,2,30.868,750,0,0,,,,,,5,2,7.875,1200,0,650
4,2,31.368,0,0,0,,,,,,5,2,8.658,1850,0,0
4,2,31.773,750,0,0,,,,,,5,2,9.484,1850,0,650
4,2,32.273,0,0,0,,,,,,5,2,10.145,1850,0,0
4,2,32.602,750,0,0,,,,,,5,2,10.858,1850,0,0
4,2,33.102,0,0,0,,,,,,5,2,11.719,0,0,0
4,2,33.609,750,0,0,,,,,,5,2,12.892,1200,0,650
4,2,34.109,0,0,0,,,,,,5,2,13.436,1200,0,0
4,2,34.784,750,0,0,,,,,,5,2,14.146,1850,0,650
4,2,35.284,0,0,0,,,,,,5,2,15.072,1850,0,0
4,2,35.784,0,0,0,,,,,,5,2,15.783,1850,0,0
4,2,36.284,0,0,0,,,,,,5,2,16.974,0,0,0
4,2,36.784,0,0,0,,,,,,5,2,17.633,1200,0,650
4,3,0.284,0,0,0,,,,,,5,2,18.784,1850,0,650
4,4,0.279,0,0,0,,,,,,5,2,19.633,1850,0,0
4,4,1.165,750,0,0,,,,,,5,2,20.467,1200,0,650
4,4,1.665,0,0,0,,,,,,5,2,20.906,1200,0,0
4,4,2.165,0,0,0,,,,,,5,2,21.406,0,0,0
4,4,2.519,750,0,1200,,,,,,5,2,21.881,750,0,450
4,4,3.019,0,0,0,,,,,,5,2,22.381,0,0,0
4,4,3.506,0,0,0,,,,,,5,2,23.018,750,0,0
4,4,4.006,0,0,0,,,,,,5,2,24.068,1850,0,1100
4,4,4.483,0,0,0,,,,,,5,2,24.478,1200,0,650
4,5,0.025,0,0,0,,,,,,5,2,24.978,0,0,0
4,5,0.372,0,0,0,,,,,,5,2,25.478,0,0,0
4,5,0.76,0,0,0,,,,,,5,2,25.77,750,0,450
4,5,1.26,0,0,0,,,,,,5,2,26.27,0,0,0
4,6,0.232,0,0,0,,,,,,5,2,26.889,750,0,0
4,6,0.732,0,0,0,,,,,,5,2,27.389,0,0,0
4,6,1.232,0,0,0,,,,,,5,2,28.004,750,0,0
4,7,1.232,0,0,0,,,,,,5,2,28.757,750,0,0
5,0,0,750,423,0,,,,,,5,2,29.257,0,0,0
5,0,0.907,1200,0,450,,,,,,5,2,30.196,750,0,0
5,0,1.879,1200,0,0,,,,,,5,2,30.767,750,0,0
5,0,2.471,1200,0,0,,,,,,5,2,31.267,0,0,0
5,0,2.843,1200,0,0,,,,,,5,2,31.646,750,0,0
5,0,4.265,750,0,450,,,,,,5,2,32.146,0,0,0
5,0,4.611,750,0,0,,,,,,5,2,32.456,750,0,0
5,0,4.762,1200,0,450,,,,,,5,2,32.956,0,0,0
5,0,5.027,1200,0,0,,,,,,5,2,33.456,0,0,0
5,0,6.841,750,0,0,,,,,,5,2,33.956,0,0,0
5,0,8,750,330,0,,,,,,5,2,34.456,0,0,0
5,0,9,750,495,0,,,,,,5,2,34.956,0,0,0
5,0,10,750,5,0,,,,,,5,2,35.456,0,0,0
5,0,11,750,406,0,,,,,,5,2,35.956,0,0,0
5,0,12,750,493,1200,,,,,,5,2,36.456,0,0,0
5,1,0.973,0,0,0,,,,,,5,2,36.956,0,0,0
5,1,1.865,1200,0,0,,,,,,5,3,0.456,0,0,0
5,1,3,750,1011,450,,,,,,5,4,0.014,0,0,0
5,1,4,750,77,0,,,,,,5,4,0.614,1200,0,2500
5,1,5,750,616,0,,,,,,5,4,1.114,0,0,0
5,1,5.828,750,0,0,,,,,,5,4,1.641,0,0,0
5,1,6.545,750,0,0,,,,,,5,4,2.141,0,0,0
5,1,6.967,750,0,0,,,,,,5,4,2.605,0,0,0
5,1,7.47,1200,0,450,,,,,,5,4,3.105,0,0,0
5,1,7.928,1200,0,0,,,,,,5,4,3.51,0,0,0
5,1,8.576,1200,0,0,,,,,,5,4,4.01,0,0,0
5,1,9.292,1200,0,0,,,,,,5,4,4.472,0,0,0
5,1,10.038,1200,0,0,,,,,,5,5,0.014,0,0,0
5,1,10.391,1200,0,0,,,,,,5,5,0.294,0,0,0
5,1,10.846,1200,0,0,,,,,,5,5,0.794,0,0,0
5,1,11.136,1200,0,0,,,,,,5,5,1.294,0,0,0
5,1,11.234,1200,0,0,,,,,,5,6,0.036,0,0,0
5,1,11.55,0,0,0,,,,,,5,6,0.848,0,0,0
5,1,12.334,0,0,0,,,,,,5,6,1.348,0,0,0
5,1,12.447,1200,0,0,,,,,,5,7,1.348,0,0,0
5,1,12.906,1200,0,0,,,,,,6,0,0,750,601,0
5,1,13.722,1200,0,0,,,,,,6,0,0.376,750,0,0
5,1,14.849,750,0,450,,,,,,6,0,1.361,1200,0,450
5,1,15.952,750,0,0,,,,,,6,0,2.743,1850,0,650
5,1,16.602,750,0,0,,,,,,6,0,3.337,1850,0,0
5,1,17.156,750,0,0,,,,,,6,0,4.987,750,0,1100
5,1,18.216,1200,0,450,,,,,,6,0,5.487,750,0,0
5,1,18.824,1200,0,0,,,,,,6,0,6.326,750,0,0
5,1,19.235,1200,0,0,,,,,,6,0,7.114,750,0,0
5,1,19.899,1850,0,650,,,,,,6,0,8.386,750,0,0
5,1,20.521,1850,0,1100,,,,,,6,0,8.856,750,0,0
5,1,20.619,1850,0,0,,,,,,6,0,10.024,1200,0,450
5,1,21.558,1850,0,0,,,,,,6,0,10.579,750,0,450
5,1,21.684,1850,0,0,,,,,,6,0,11.225,0,0,0
5,1,22.174,0,0,0,,,,,,6,0,11.833,0,0,0
5,1,22.274,1850,0,0,,,,,,6,1,0,0,398,0
5,1,22.774,0,0,0,,,,,,6,1,0,1850,195,1100
5,1,23.274,0,0,0,,,,,,6,1,0.204,1850,0,0
5,1,23.459,1200,0,650,,,,,,6,1,0.877,1200,0,650
5,1,23.959,0,0,0,,,,,,6,1,1.971,750,0,450
5,1,24.459,0,0,0,,,,,,6,1,3.006,750,0,0
5,1,24.959,0,0,0,,,,,,6,1,3.592,750,0,0
5,1,25.459,0,0,0,,,,,,6,1,4.338,1200,0,450
5,1,25.959,0,0,0,,,,,,6,1,5.311,1200,0,0
5,2,0.459,0,0,0,,,,,,6,1,6.384,1200,0,0
5,2,0.841,1200,0,0,,,,,,6,1,7.187,1200,0,0
5,2,1.067,1200,0,650,,,,,,6,1,7.725,1200,0,0
5,2,1.506,1850,0,650,,,,,,6,1,8.818,1850,0,650
5,2,2.535,0,0,0,,,,,,6,1,9.392,1850,0,0
5,2,3.761,1850,0,650,,,,,,6,1,9.517,1850,0,0
5,2,4.677,1850,0,0,,,,,,6,1,9.872,750,0,0
5,2,5.485,1850,0,0,,,,,,6,1,10.817,1850,0,1100
5,2,6.592,1850,0,0,,,,,,6,1,10.957,1850,0,0
5,2,7.703,1850,0,0,,,,,,6,1,11.477,750,0,1100
5,2,8.648,1850,0,0,,,,,,6,1,12.977,750,0,1100
5,2,9.849,1850,0,0,,,,,,6,1,13.976,750,0,0
5,2,10.456,1850,0,0,,,,,,6,1,14.752,750,0,0
5,2,11.054,1850,0,0,,,,,,6,1,16.155,750,0,0
5,2,12.314,1850,0,0,,,,,,6,1,17.064,750,0,0
5,2,13.311,1850,0,0,,,,,,6,1,17.913,750,0,0
5,2,14.554,1850,0,0,,,,,,6,1,18.671,1200,0,450
5,2,15.226,1850,0,0,,,,,,6,1,18.799,1850,0,650
5,2,15.846,1850,0,0,,,,,,6,1,19.769,750,0,0
5,2,16.346,0,0,0,,,,,,6,1,19.976,1850,0,0
5,2,17.448,1850,0,0,,,,,,6,1,20.698,750,0,0
5,2,18.393,1850,0,0,,,,,,6,1,20.837,1850,0,0
5,2,19.331,1850,0,0,,,,,,6,1,21.447,0,0,0
5,2,20.14,1850,0,0,,,,,,6,1,21.991,1850,0,0
5,2,20.772,1850,0,0,,,,,,6,1,22.841,0,0,0
5,2,21.272,0,0,0,,,,,,6,1,23.679,0,0,0
5,2,22.395,1850,0,0,,,,,,6,1,24.306,1200,0,450
5,2,23.234,1850,0,0,,,,,,6,1,25.297,1200,0,0
5,2,24.2,1850,0,0,,,,,,6,2,0.593,1200,0,0
5,2,25.702,1850,0,0,,,,,,6,2,1.229,750,0,0
5,2,26.315,1850,0,0,,,,,,6,2,1.872,750,0,0
5,2,27.288,1850,0,0,,,,,,6,2,2.807,750,0,450
5,2,28.464,1850,0,0,,,,,,6,2,3.889,750,0,0
5,2,29.201,1850,0,0,,,,,,6,2,5.067,750,0,0
5,2,30.717,1850,0,0,,,,,,6,2,6.412,750,0,0
5,2,32,1850,534,0,,,,,,6,2,7.586,750,0,0
5,2,32.942,1850,0,0,,,,,,6,2,8.706,750,0,0
5,2,33.819,1850,0,0,,,,,,6,2,10.001,750,0,0
5,2,34.665,1850,0,0,,,,,,6,2,10.838,750,0,0
5,2,35.2,1850,0,0,,,,,,6,2,11.847,750,0,0
5,2,35.7,0,0,0,,,,,,6,2,12.374,750,0,0
5,2,36.2,0,0,0,,,,,,6,2,13.434,750,0,0
5,2,36.7,0,0,0,,,,,,6,2,14.053,1200,0,450
5,3,0.2,0,0,0,,,,,,6,2,14.828,1850,0,650
5,4,0.077,0,0,0,,,,,,6,2,15.678,1200,0,650
5,4,1.172,1850,0,650,,,,,,6,2,16.785,1200,0,0
5,4,1.672,0,0,0,,,,,,6,2,17.312,750,0,450
5,4,2.172,0,0,0,,,,,,6,2,17.728,1200,0,450
5,4,3.137,1850,0,1850,,,,,,6,2,18.184,1850,0,650
5,4,4.209,0,0,0,,,,,,6,2,19.106,1850,0,650
5,5,1.203,0,0,0,,,,,,6,2,19.877,1200,0,650
5,6,0.62,0,0,0,,,,,,6,2,20.776,1200,0,650
5,6,1.12,0,0,0,,,,,,6,2,21.466,1200,0,0
5,7,1.12,0,0,0,,,,,,6,2,23.476,1850,0,650
6,0,0,750,601,0,,,,,,6,2,24.837,750,0,1100
6,0,0.376,750,0,0,,,,,,6,2,25.692,750,0,0
6,0,1,750,0,0,,,,,,6,2,26.227,750,0,0
6,0,1.818,1200,0,450,,,,,,6,2,26.683,750,0,0
6,0,2.494,1200,0,0,,,,,,6,2,27.871,1200,0,450
6,0,4.227,750,0,450,,,,,,6,2,29.108,750,0,450
6,0,5.086,750,0,0,,,,,,6,2,29.589,750,0,0
6,0,5.851,750,0,0,,,,,,6,2,30.326,1850,0,1100
6,0,6.02,1200,0,450,,,,,,6,2,31.273,1850,0,0
6,0,6.64,750,0,0,,,,,,6,2,31.897,1200,0,650
6,0,6.77,1200,0,0,,,,,,6,2,33.776,0,0,0
6,0,7.414,1200,0,0,,,,,,6,2,35.118,1200,0,0
6,0,8.66,750,0,0,,,,,,6,2,36.118,0,0,0
6,0,9.162,750,0,0,,,,,,6,2,36.84,1200,0,0
6,0,10.031,750,0,0,,,,,,6,3,0.608,750,0,450
6,0,10.682,750,0,1200,,,,,,6,4,0.561,0,0,0
6,0,11.075,1200,0,0,,,,,,6,4,1.591,750,0,1850
6,0,11.504,0,0,0,,,,,,6,4,2.6,0,0,0
6,1,0.217,1200,0,0,,,,,,6,4,3.637,0,0,0
6,1,1.683,750,0,450,,,,,,6,4,4.536,0,0,0
6,1,2.458,750,0,0,,,,,,6,5,0.357,0,0,0
6,1,3.334,750,0,0,,,,,,6,5,0.83,0,0,0
6,1,3.934,750,0,0,,,,,,6,6,0.102,0,0,0
6,1,4.426,750,0,0,,,,,,6,6,1.025,0,0,0
6,1,4.997,1200,0,450,,,,,,6,7,1.025,0,0,0
6,1,5.731,1200,0,0,,,,,,7,0,0,750,675,0
6,1,6.271,1200,0,0,,,,,,7,0,0.715,750,0,0
6,1,7.166,1200,0,0,,,,,,7,0,1.842,750,0,0
6,1,7.785,0,0,0,,,,,,7,0,2.367,750,0,0
6,1,8.533,0,0,0,,,,,,7,0,3,1850,0,1100
6,1,9.129,1200,0,0,,,,,,7,0,5,750,480,1100
6,1,9.945,1200,0,0,,,,,,7,0,6,750,117,0
6,1,10.396,1200,0,0,,,,,,7,0,7,750,335,0
6,1,10.791,1200,0,0,,,,,,7,0,8,750,491,0
6,1,11.489,1200,0,0,,,,,,7,0,9,750,251,0
6,1,11.609,1200,0,0,,,,,,7,0,9.965,750,0,0
6,1,12.34,1200,0,0,,,,,,7,0,11,750,228,0
6,1,12.461,1200,0,0,,,,,,7,0,12,750,150,0
6,1,12.97,1200,0,650,,,,,,7,1,0,0,878,0
6,1,13.773,1200,0,0,,,,,,7,1,0,1850,272,1100
6,1,15,750,43,450,,,,,,7,1,0.252,1850,0,0
6,1,15.879,750,0,0,,,,,,7,1,0.781,750,0,1100
6,1,17,750,552,0,,,,,,7,1,3,750,203,0
6,1,18,750,247,0,,,,,,7,1,4,750,961,0
6,1,19,750,95,0,,,,,,7,1,5,750,574,0
6,1,20,750,427,0,,,,,,7,1,6,750,344,0
6,1,20.794,1200,0,450,,,,,,7,1,7,750,8,0
6,1,20.91,1200,0,0,,,,,,7,1,8,750,283,0
6,1,21.617,0,0,0,,,,,,7,1,8.72,750,0,0
6,1,21.763,1200,0,0,,,,,,7,1,9.487,750,0,0
6,1,22.263,0,0,0,,,,,,7,1,10.531,750,0,0
6,1,22.385,1200,0,0,,,,,,7,1,11.214,1200,0,450
6,1,22.885,0,0,0,,,,,,7,1,11.358,1850,0,650
6,1,23.385,0,0,0,,,,,,7,1,11.505,1850,0,0
6,1,23.808,1200,0,0,,,,,,7,1,14.182,750,0,1100
6,1,24.308,0,0,0,,,,,,7,1,16,750,616,0
6,1,24.808,0,0,0,,,,,,7,1,17,750,142,0
6,1,25.308,0,0,0,,,,,,7,1,18,750,128,0
6,1,25.808,0,0,0,,,,,,7,1,18.783,750,0,0
6,2,0.308,0,0,0,,,,,,7,1,19.158,750,0,0
6,2,0.967,750,0,450,,,,,,7,1,19.51,1850,0,1100
6,2,1.46,1200,0,0,,,,,,7,1,19.602,1850,0,0
6,2,1.931,750,0,450,,,,,,7,1,19.704,1850,0,0
6,2,2.717,0,0,0,,,,,,7,1,20.078,1200,0,0
6,2,3.308,750,0,0,,,,,,7,1,20.178,1850,0,0
6,2,4.251,750,0,0,,,,,,7,1,20.48,750,0,450
6,2,5.079,750,0,0,,,,,,7,1,21.722,1850,0,1100
6,2,5.722,750,0,0,,,,,,7,1,22.036,1850,0,0
6,2,6.222,0,0,0,,,,,,7,1,22.93,1200,0,650
6,2,7.01,750,0,0,,,,,,7,1,23.562,1200,0,0
6,2,7.875,750,0,0,,,,,,7,1,24.514,0,0,0
6,2,8.375,0,0,0,,,,,,7,1,24.953,0,0,0
6,2,9.353,750,0,0,,,,,,7,1,25.82,0,0,0
6,2,10.65,750,0,0,,,,,,7,2,1.392,1850,0,650
6,2,11.594,750,0,0,,,,,,7,2,1.913,750,0,450
6,2,12.897,750,0,0,,,,,,7,2,2.926,750,0,0
6,2,14,750,73,0,,,,,,7,2,3.806,750,0,0
6,2,15,750,967,0,,,,,,7,2,4.574,750,0,0
6,2,15.639,750,0,0,,,,,,7,2,5.273,750,0,0
6,2,16.105,750,0,0,,,,,,7,2,6.789,1200,0,450
6,2,16.951,750,0,0,,,,,,7,2,7.862,750,0,450
6,2,17.451,0,0,0,,,,,,7,2,9.155,750,0,0
6,2,17.924,750,0,0,,,,,,7,2,10.193,750,0,0
6,2,18.424,0,0,0,,,,,,7,2,10.898,750,0,0
6,2,18.888,750,0,0,,,,,,7,2,12.064,750,0,0
6,2,19.388,0,0,0,,,,,,7,2,14.299,750,0,0
6,2,19.81,750,0,0,,,,,,7,2,15.596,750,0,0
6,2,20.31,0,0,0,,,,,,7,2,16.729,750,0,0
6,2,20.727,750,0,0,,,,,,7,2,17.713,750,0,0
6,2,21.227,0,0,0,,,,,,7,2,18.5,750,0,0
6,2,21.756,750,0,0,,,,,,7,2,20,750,143,0
6,2,22.256,0,0,0,,,,,,7,2,21,750,165,0
6,2,22.872,750,0,0,,,,,,7,2,21.811,750,0,0
6,2,23.372,0,0,0,,,,,,7,2,22.921,750,0,0
6,2,24.036,750,0,0,,,,,,7,2,24,750,23,0
6,2,24.662,750,0,0,,,,,,7,2,24.738,750,0,0
6,2,25.162,0,0,0,,,,,,7,2,25.911,750,0,0
6,2,25.419,750,0,0,,,,,,7,2,26.569,750,0,0
6,2,25.919,0,0,0,,,,,,7,2,27.45,750,0,0
6,2,26.419,0,0,0,,,,,,7,2,28.558,750,0,0
6,2,26.668,750,0,0,,,,,,7,2,29.578,750,0,0
6,2,27.168,0,0,0,,,,,,7,2,30.42,750,0,0
6,2,27.455,750,0,0,,,,,,7,2,30.981,750,0,0
6,2,27.955,0,0,0,,,,,,7,2,31.625,1200,0,450
6,2,28.455,0,0,0,,,,,,7,2,32.656,1850,0,650
6,2,28.758,750,0,0,,,,,,7,2,33.352,1200,0,650
6,2,29.258,0,0,0,,,,,,7,2,34.18,1850,0,650
6,2,29.706,750,0,0,,,,,,7,2,35.015,1200,0,650
6,2,30.206,0,0,0,,,,,,7,2,35.736,1200,0,0
6,2,30.879,750,0,0,,,,,,7,2,36.639,1200,0,0
6,2,31.379,0,0,0,,,,,,7,3,0.209,1850,0,1100
6,2,31.848,750,0,0,,,,,,7,4,0.727,0,0,0
6,2,32.348,0,0,0,,,,,,7,4,1.961,1200,0,1850
6,2,32.788,750,0,0,,,,,,7,4,2.885,0,0,0
6,2,33.288,0,0,0,,,,,,7,4,3.913,0,0,0
6,2,33.911,750,0,0,,,,,,7,4,4.712,0,0,0
6,2,34.411,0,0,0,,,,,,7,5,0.262,0,0,0
6,2,34.713,750,0,0,,,,,,7,5,1,1200,545,650
6,2,35.213,0,0,0,,,,,,7,6,0,0,142,0
6,2,35.713,0,0,0,,,,,,7,6,0,1850,543,650
6,2,36.213,0,0,0,,,,,,7,6,0.595,1850,0,0
6,2,36.713,0,0,0,,,,,,7,6,1.22,0,0,0
6,3,0.213,0,0,0,,,,,,7,7,1.22,0,0,0
6,3,0.877,0,0,0,,,,,,8,0,0,750,643,0
6,4,1.07,0,0,0,,,,,,8,0,0.572,750,0,0
6,4,2.377,750,0,450,,,,,,8,0,1.09,750,0,0
6,4,3.399,750,0,1200,,,,,,8,0,1.72,1850,0,1100
6,4,4.404,0,0,0,,,,,,8,0,2.163,1850,0,0
6,4,4.901,0,0,0,,,,,,8,0,3.251,750,0,1100
6,5,0.443,0,0,0,,,,,,8,0,3.896,1200,0,450
6,5,1.199,0,0,0,,,,,,8,0,4.882,1200,0,0
6,6,0.365,0,0,0,,,,,,8,0,5.735,1200,0,0
6,6,0.865,0,0,0,,,,,,8,0,6.342,1200,0,0
6,6,1.365,0,0,0,,,,,,8,0,7.108,1850,0,650
6,7,1.365,0,0,0,,,,,,8,0,8.418,1200,0,650
7,0,0,750,675,0,,,,,,8,0,8.837,750,0,450
7,0,0.715,750,0,0,,,,,,8,0,8.981,1850,0,1100
7,0,1.842,750,0,0,,,,,,8,0,9.125,1850,0,0
7,0,2.638,1200,0,450,,,,,,8,0,9.503,0,0,0
7,0,3.024,1200,0,0,,,,,,8,0,10.275,1850,0,0
7,0,5,750,517,450,,,,,,8,0,10.718,0,0,0
7,0,6,750,106,0,,,,,,8,1,0.109,750,0,1100
7,0,7,750,335,0,,,,,,8,1,1.266,750,0,0
7,0,8,750,498,0,,,,,,8,1,2.267,750,0,0
7,0,9,750,242,0,,,,,,8,1,3.252,750,0,0
7,0,10,750,11,0,,,,,,8,1,4.324,750,0,0
7,0,11,750,219,0,,,,,,8,1,4.87,750,0,0
7,0,12,750,166,0,,,,,,8,1,5.405,1200,0,0
7,1,0,0,866,0,,,,,,8,1,6.09,1850,0,1100
7,1,0,1200,204,450,,,,,,8,1,7.394,1850,0,0
7,1,0.196,1200,0,0,,,,,,8,1,7.887,1200,0,650
7,1,0.73,750,0,450,,,,,,8,1,9.058,1850,0,650
7,1,3,750,158,0,,,,,,8,1,9.921,1850,0,650
7,1,4,750,925,0,,,,,,8,1,10.088,1850,0,0
7,1,5,750,608,0,,,,,,8,1,10.266,1850,0,0
7,1,6,750,305,0,,,,,,8,1,10.981,750,0,1100
7,1,7,750,64,0,,,,,,8,1,11.448,750,0,0
7,1,8,750,234,0,,,,,,8,1,12.796,750,0,1100
7,1,8.758,750,0,0,,,,,,8,1,14.631,750,0,0
7,1,9.479,750,0,0,,,,,,8,1,16.449,750,0,0
7,1,10.548,750,0,0,,,,,,8,1,17.414,750,0,0
7,1,11.24,1200,0,450,,,,,,8,1,18.191,750,0,0
7,1,11.383,1200,0,0,,,,,,8,1,18.684,750,0,0
7,1,11.848,750,0,0,,,,,,8,1,19.219,1850,0,1100
7,1,12.742,750,0,0,,,,,,8,1,19.319,1850,0,0
7,1,12.895,1200,0,0,,,,,,8,1,19.435,1850,0,0
7,1,13.918,750,0,0,,,,,,8,1,19.95,1200,0,0
7,1,15,750,1796,450,,,,,,8,1,20.833,0,0,0
7,1,16,750,392,0,,,,,,8,1,20.938,1850,0,0
7,1,17,750,170,0,,,,,,8,1,21.347,0,0,0
7,1,17.83,750,0,0,,,,,,8,1,21.712,1850,0,0
7,1,18.153,750,0,0,,,,,,8,1,22.423,0,0,0
7,1,18.501,750,0,0,,,,,,8,1,23.622,1200,0,0
7,1,18.842,1200,0,0,,,,,,8,1,24.197,750,0,450
7,1,19.514,0,0,0,,,,,,8,1,24.926,1200,0,450
7,1,20.038,1200,0,450,,,,,,8,2,0.371,1200,0,0
7,1,20.141,1200,0,0,,,,,,8,2,1.925,1200,0,450
7,1,20.941,0,0,0,,,,,,8,2,2.608,750,0,450
7,1,21.576,1200,0,0,,,,,,8,2,3.174,750,0,0
7,1,21.688,1200,0,0,,,,,,8,2,4.258,1200,0,450
7,1,22.797,1200,0,0,,,,,,8,2,5.327,750,0,450
7,1,22.938,1200,0,0,,,,,,8,2,5.976,750,0,0
7,1,23.425,750,0,450,,,,,,8,2,6.451,1200,0,0
7,1,23.655,1200,0,0,,,,,,8,2,7.96,1850,0,1100
7,1,24.05,1200,0,450,,,,,,8,2,8.473,750,0,1100
7,1,25.042,1200,0,0,,,,,,8,2,9.073,1200,0,450
7,2,0.325,0,0,0,,,,,,8,2,9.966,1200,0,0
7,2,1.53,1200,0,450,,,,,,8,2,10.623,1200,0,0
7,2,2.317,1200,0,0,,,,,,8,2,11.333,1200,0,0
7,2,3.228,1200,0,0,,,,,,8,2,12.267,750,0,450
7,2,3.925,750,0,450,,,,,,8,2,13.493,1200,0,450
7,2,5.016,1200,0,0,,,,,,8,2,14.168,750,0,450
7,2,6,750,482,0,,,,,,8,2,14.886,750,0,0
7,2,7,750,227,0,,,,,,8,2,15.571,0,0,0
7,2,8,750,405,0,,,,,,8,2,16.343,1200,0,450
7,2,8.621,750,0,0,,,,,,8,2,17.521,1200,0,0
7,2,9.643,750,0,0,,,,,,8,2,18.187,750,0,450
7,2,11,750,152,0,,,,,,8,2,19.178,1200,0,450
7,2,11.998,750,0,0,,,,,,8,2,19.827,750,0,450
7,2,13,750,290,0,,,,,,8,2,20.9,0,0,0
7,2,14,750,295,0,,,,,,8,2,21.963,750,0,0
7,2,15,750,172,0,,,,,,8,2,22.591,750,0,0
7,2,16,750,151,0,,,,,,8,2,24.01,750,0,0
7,2,17,750,71,0,,,,,,8,2,24.943,750,0,0
7,2,18,750,238,0,,,,,,8,2,25.907,750,0,0
7,2,18.966,750,0,0,,,,,,8,2,27.187,750,0,0
7,2,20,750,243,0,,,,,,8,2,27.995,750,0,0
7,2,21,750,25,0,,,,,,8,2,29.066,750,0,0
7,2,21.826,750,0,0,,,,,,8,2,29.942,750,0,0
7,2,22.591,750,0,0,,,,,,8,2,31.019,750,0,0
7,2,23.511,750,0,0,,,,,,8,2,32.237,750,0,0
7,2,24.42,750,0,0,,,,,,8,2,33.438,750,0,0
7,2,25.794,750,0,0,,,,,,8,2,34.356,750,0,0
7,2,26.573,750,0,0,,,,,,8,2,34.905,750,0,450
7,2,27.063,750,0,0,,,,,,8,2,35.886,750,0,0
7,2,27.546,750,0,0,,,,,,8,3,0.486,0,0,0
7,2,28.052,0,0,0,,,,,,8,4,0.682,0,0,0
7,2,28.624,750,0,0,,,,,,8,4,2.11,750,0,1650
7,2,29.124,0,0,0,,,,,,8,4,3.595,0,0,0
7,2,29.681,750,0,0,,,,,,8,4,4.852,0,0,0
7,2,30.181,0,0,0,,,,,,8,5,1.097,0,0,0
7,2,30.734,750,0,0,,,,,,8,6,0.706,0,0,0
7,2,31.234,0,0,0,,,,,,8,7,0.706,0,0,0
7,2,31.776,750,0,0,,,,,,9,0,0,750,721,0
7,2,32.276,0,0,0,,,,,,9,0,0.733,750,0,0
7,2,32.716,750,0,0,,,,,,9,0,1.58,750,0,0
7,2,33.216,0,0,0,,,,,,9,0,2.213,1200,0,450
7,2,33.668,750,0,0,,,,,,9,0,2.806,1850,0,650
7,2,34.168,0,0,0,,,,,,9,0,4.628,750,0,1100
7,2,34.621,750,0,0,,,,,,9,0,5.646,750,0,0
7,2,35.121,0,0,0,,,,,,9,0,7,750,159,0
7,2,35.621,0,0,0,,,,,,9,0,8,750,400,0
7,2,36.121,0,0,0,,,,,,9,0,8.642,750,0,0
7,2,36.621,0,0,0,,,,,,9,0,9.403,1200,0,450
7,3,0.121,0,0,0,,,,,,9,0,10.261,1200,0,0
7,3,0.781,0,0,0,,,,,,9,0,10.746,750,0,450
7,4,0.279,0,0,0,,,,,,9,0,11.908,0,0,0
7,4,0.91,750,0,0,,,,,,9,1,0,0,340,0
7,4,1.41,0,0,0,,,,,,9,1,0,1850,160,1100
7,4,1.91,0,0,0,,,,,,9,1,0.154,1850,0,0
7,4,2.41,0,0,0,,,,,,9,1,0.601,1200,0,650
7,4,2.797,750,0,1200,,,,,,9,1,1.827,750,0,450
7,4,3.297,0,0,0,,,,,,9,1,2.818,750,0,0
7,4,3.672,0,0,0,,,,,,9,1,3.81,750,0,0
7,4,4.172,0,0,0,,,,,,9,1,4.853,750,0,0
7,4,4.943,0,0,0,,,,,,9,1,5.457,750,0,0
7,5,0.485,0,0,0,,,,,,9,1,6.175,1200,0,450
7,5,1.143,0,0,0,,,,,,9,1,7.532,1850,0,650
7,6,0.511,0,0,0,,,,,,9,1,7.982,1200,0,650
7,6,1.011,0,0,0,,,,,,9,1,9.671,1850,0,650
7,7,1.011,0,0,0,,,,,,9,1,10.118,1200,0,650
8,0,0,750,643,0,,,,,,9,1,10.252,1850,0,650
8,0,0.572,750,0,0,,,,,,9,1,10.388,1850,0,0
8,0,1.09,750,0,0,,,,,,9,1,10.767,750,0,0
8,0,1.57,1200,0,450,,,,,,9,1,11.633,1200,0,450
8,0,1.856,1200,0,0,,,,,,9,1,13.243,750,0,1100
8,0,3.05,750,0,450,,,,,,9,1,14.853,750,0,0
8,0,3.176,1200,0,450,,,,,,9,1,16.031,750,0,0
8,0,3.299,1200,0,0,,,,,,9,1,17.124,750,0,0
8,0,3.657,1200,0,0,,,,,,9,1,17.746,750,0,0
8,0,4.062,1200,0,0,,,,,,9,1,18.856,1200,0,450
8,0,4.555,750,0,0,,,,,,9,1,19.7,1850,0,650
8,0,5.346,1850,0,650,,,,,,9,1,19.807,1850,0,0
8,0,6.631,1850,0,1100,,,,,,9,1,19.937,1850,0,0
8,0,8,1850,549,0,,,,,,9,1,20.428,750,0,450
8,0,9,1850,32,0,,,,,,9,1,20.546,1850,0,0
8,0,10,1850,247,0,,,,,,9,1,21.045,750,0,0
8,0,11,1850,894,0,,,,,,9,1,21.426,1850,0,0
8,0,12,1850,1179,1200,,,,,,9,1,22.509,1850,0,0
8,1,1.165,0,0,0,,,,,,9,1,23.226,0,0,0
8,1,3,1850,1033,650,,,,,,9,1,23.735,0,0,0
8,1,4,1850,1958,0,,,,,,9,1,24.573,0,0,0
8,1,5,1850,718,0,,,,,,9,1,25.87,1850,0,0
8,1,6,1850,1528,0,,,,,,9,2,0.498,750,0,1100
8,1,7,1850,1268,0,,,,,,9,2,1.099,1200,0,450
8,1,8,1850,88,0,,,,,,9,2,1.865,1200,0,0
8,1,8.704,1850,0,0,,,,,,9,2,2.81,1200,0,450
8,1,9.803,1850,0,0,,,,,,9,2,3.3,750,0,450
8,1,10.754,1850,0,0,,,,,,9,2,4.142,1200,0,450
8,1,12,1850,33,0,,,,,,9,2,4.905,1200,0,0
8,1,12.17,1850,0,0,,,,,,9,2,6.01,1200,0,0
8,1,12.344,1850,0,0,,,,,,9,2,6.613,1200,0,0
8,1,13.614,1850,0,0,,,,,,9,2,7.841,1850,0,650
8,1,15,1850,4577,0,,,,,,9,2,8.39,1200,0,650
8,1,16,1850,2733,0,,,,,,9,2,9.935,1850,0,650
8,1,17,1850,1454,0,,,,,,9,2,10.383,750,0,1100
8,1,18,1850,2128,0,,,,,,9,2,11.015,1200,0,450
8,1,18.806,750,0,1100,,,,,,9,2,12.028,1200,0,0
8,1,19.755,750,0,0,,,,,,9,2,12.921,1850,0,650
8,1,20.252,1200,0,450,,,,,,9,2,13.777,1850,0,1100
8,1,20.353,1200,0,0,,,,,,9,2,14.45,1850,0,0
8,1,21.066,1200,0,0,,,,,,9,2,15.668,1850,0,0
8,1,21.184,1200,0,0,,,,,,9,2,16.22,1200,0,650
8,1,21.915,0,0,0,,,,,,9,2,16.884,1850,0,650
8,1,22.775,0,0,0,,,,,,9,2,17.754,1850,0,0
8,1,22.883,1200,0,0,,,,,,9,2,18.759,1850,0,0
8,1,23.465,1200,0,0,,,,,,9,2,19.899,1850,0,0
8,1,23.893,1200,0,0,,,,,,9,2,21.335,1200,0,650
8,1,25.026,750,0,450,,,,,,9,2,22.283,750,0,450
8,1,25.778,750,0,0,,,,,,9,2,22.836,750,0,0
8,2,0.759,1200,0,450,,,,,,9,2,23.971,750,0,0
8,2,1.884,750,0,1100,,,,,,9,2,24.408,750,0,0
8,2,2.926,750,0,450,,,,,,9,2,24.902,1200,0,450
8,2,3.919,750,0,0,,,,,,9,2,26.117,0,0,0
8,2,4.895,750,0,0,,,,,,9,2,26.633,1200,0,0
8,2,5.912,750,0,0,,,,,,9,2,27.867,1850,0,650
8,2,6.648,750,0,0,,,,,,9,2,28.819,1200,0,650
8,2,7.677,750,0,0,,,,,,9,2,29.663,1200,0,0
8,2,8.799,750,0,0,,,,,,9,2,30.634,1200,0,0
8,2,10,750,12,0,,,,,,9,2,31.415,1200,0,0
8,2,11,750,257,0,,,,,,9,2,32.367,1200,0,0
8,2,11.889,750,0,0,,,,,,9,2,33.182,1200,0,0
8,2,13,750,71,0,,,,,,9,2,34.07,0,0,0
8,2,14,750,347,0,,,,,,9,2,34.792,1200,0,650
8,2,15,750,883,0,,,,,,9,2,35.442,750,0,450
8,2,16,750,420,0,,,,,,9,2,35.994,0,0,0
8,2,16.975,750,0,0,,,,,,9,3,0.058,0,0,0
8,2,18,750,346,0,,,,,,9,3,0.746,0,0,0
8,2,19,750,177,0,,,,,,9,4,0.341,0,0,0
8,2,20,750,319,0,,,,,,9,4,0.789,750,0,2300
8,2,21,750,245,0,,,,,,9,4,1.289,0,0,0
8,2,22,750,35,0,,,,,,9,4,1.733,0,0,0
8,2,23,750,223,0,,,,,,9,4,2.233,0,0,0
8,2,24,750,182,0,,,,,,9,4,2.7,0,0,0
8,2,25,750,108,0,,,,,,9,4,3.2,0,0,0
8,2,26,750,650,0,,,,,,9,4,3.635,0,0,0
8,2,27,750,96,0,,,,,,9,4,4.135,0,0,0
8,2,27.909,750,0,0,,,,,,9,4,4.725,0,0,0
8,2,29,750,31,0,,,,,,9,5,0.267,0,0,0
8,2,30,750,354,0,,,,,,9,5,1.007,0,0,0
8,2,31,750,327,0,,,,,,9,6,0.161,0,0,0
8,2,32,750,325,0,,,,,,9,6,0.703,0,0,0
8,2,33,750,215,0,,,,,,9,6,1.203,0,0,0
8,2,33.939,750,0,0,,,,,,9,7,1.203,0,0,0
8,2,34.972,750,0,0,,,,,,10,0,0,750,249,0
8,2,35.743,750,0,0,,,,,,10,0,0.988,1850,0,1100
8,2,36.767,0,0,0,,,,,,10,0,2,1850,527,0
8,3,0.311,1200,0,450,,,,,,10,0,3,1850,142,0
8,3,0.837,0,0,0,,,,,,10,0,3.357,1850,0,0
8,4,0.308,0,0,0,,,,,,10,0,5,750,87,1100
8,4,1.01,750,0,0,,,,,,10,0,5.309,750,0,0
8,4,1.39,1200,0,0,,,,,,10,0,6.549,1200,0,450
8,4,1.718,0,0,0,,,,,,10,0,7.132,750,0,450
8,4,2.218,0,0,0,,,,,,10,0,7.606,1200,0,450
8,4,2.592,1200,0,1650,,,,,,10,0,8.582,1850,0,650
8,4,3.092,0,0,0,,,,,,10,0,9.253,1200,0,650
8,4,3.702,0,0,0,,,,,,10,0,10.024,1200,0,0
8,4,4.202,0,0,0,,,,,,10,0,11.172,0,0,0
8,4,4.614,0,0,0,,,,,,10,0,11.502,0,0,0
8,5,0.156,0,0,0,,,,,,10,0,12.067,0,0,0
8,5,0.585,0,0,0,,,,,,10,1,0,0,580,0
8,5,1.132,0,0,0,,,,,,10,1,0,1850,172,650
8,6,0.104,0,0,0,,,,,,10,1,0.185,1850,0,0
8,6,0.604,0,0,0,,,,,,10,1,0.686,1200,0,650
8,6,1.104,0,0,0,,,,,,10,1,1.499,750,0,450
8,7,1.104,0,0,0,,,,,,10,1,2.37,750,0,0
9,0,0,750,721,0,,,,,,10,1,3.063,750,0,0
9,0,0.733,750,0,0,,,,,,10,1,3.999,1200,0,450
9,0,1.58,750,0,0,,,,,,10,1,5.62,1200,0,0
9,0,2.213,1200,0,450,,,,,,10,1,5.893,750,0,450
9,0,2.588,1200,0,0,,,,,,10,1,6.801,1850,0,1100
9,0,4.416,750,0,450,,,,,,10,1,7.623,1850,0,0
9,0,5.37,750,0,0,,,,,,10,1,8.554,1850,0,0
9,0,6.877,750,0,0,,,,,,10,1,8.908,1850,0,0
9,0,8,750,362,0,,,,,,10,1,9.784,1850,0,0
9,0,8.726,750,0,0,,,,,,10,1,9.901,1850,0,0
9,0,9.113,750,0,0,,,,,,10,1,10.22,750,0,1100
9,0,9.919,750,0,0,,,,,,10,1,10.342,1850,0,0
9,0,10.058,1200,0,650,,,,,,10,1,10.735,750,0,0
9,0,10.615,750,0,1200,,,,,,10,1,11.307,1850,0,1100
9,0,10.74,1200,0,0,,,,,,10,1,12.297,750,0,1100
9,0,11.119,1200,0,0,,,,,,10,1,13.031,750,0,0
9,0,11.623,0,0,0,,,,,,10,1,14.44,1200,0,450
9,1,0.385,1200,0,0,,,,,,10,1,15.388,750,0,450
9,1,1.591,750,0,450,,,,,,10,1,15.937,750,0,0
9,1,2.486,750,0,0,,,,,,10,1,16.93,1850,0,0
9,1,3.302,750,0,0,,,,,,10,1,18.064,750,0,0
9,1,4.098,750,0,0,,,,,,10,1,18.709,1200,0,450
9,1,4.962,750,0,0,,,,,,10,1,18.85,1850,0,650
9,1,6.002,1200,0,450,,,,,,10,1,19.648,0,0,0
9,1,6.588,1200,0,0,,,,,,10,1,19.841,1850,0,0
9,1,7.273,1200,0,0,,,,,,10,1,20.76,0,0,0
9,1,8.376,1200,0,0,,,,,,10,1,20.906,1850,0,0
9,1,8.826,1200,0,0,,,,,,10,1,21.72,0,0,0
9,1,9.502,1200,0,0,,,,,,10,1,22.189,1850,0,0
9,1,10.729,1200,0,0,,,,,,10,1,22.649,1200,0,650
9,1,11.175,1200,0,0,,,,,,10,1,23.86,1850,0,650
9,1,11.292,1200,0,0,,,,,,10,1,24.319,1200,0,650
9,1,11.84,0,0,0,,,,,,10,1,25.84,1850,0,650
9,1,12.881,0,0,0,,,,,,10,2,0.753,1850,0,1100
9,1,13.004,1200,0,0,,,,,,10,2,1.674,1850,0,0
9,1,14.824,750,0,450,,,,,,10,2,2.363,1200,0,650
9,1,16,750,140,0,,,,,,10,2,3.071,1200,0,0
9,1,17,750,449,0,,,,,,10,2,4.538,1850,0,650
9,1,17.809,750,0,0,,,,,,10,2,4.902,750,0,1100
9,1,18.552,750,0,0,,,,,,10,2,5.966,1850,0,0
9,1,19.306,750,0,0,,,,,,10,2,7.386,1850,0,1100
9,1,19.876,1200,0,450,,,,,,10,2,9.056,1200,0,650
9,1,20.4,1200,0,0,,,,,,10,2,9.892,750,0,450
9,1,20.501,1200,0,0,,,,,,10,2,10.657,750,0,0
9,1,21.255,1200,0,0,,,,,,10,2,11.845,750,0,0
9,1,21.379,1200,0,0,,,,,,10,2,12.719,750,0,0
9,1,21.882,750,0,450,,,,,,10,2,14.481,750,0,0
9,1,22.632,1200,0,0,,,,,,10,2,15.391,750,0,0
9,1,22.743,1200,0,0,,,,,,10,2,16.014,750,0,0
9,1,23.3,750,0,450,,,,,,10,2,17.308,750,0,0
9,1,23.615,1200,0,0,,,,,,10,2,18.08,750,0,0
9,1,24.077,0,0,0,,,,,,10,2,19.21,750,0,0
9,1,24.577,0,0,0,,,,,,10,2,20.146,750,0,0
9,1,25.077,0,0,0,,,,,,10,2,21.041,750,0,0
9,1,25.577,0,0,0,,,,,,10,2,21.874,750,0,0
9,2,0.077,0,0,0,,,,,,10,2,22.557,750,0,0
9,2,0.499,750,0,450,,,,,,10,2,23.335,1200,0,450
9,2,0.869,1200,0,450,,,,,,10,2,24.218,750,0,450
9,2,1.694,1200,0,0,,,,,,10,2,24.728,1200,0,450
9,2,2.627,0,0,0,,,,,,10,2,25.618,1850,0,650
9,2,3.312,1200,0,450,,,,,,10,2,26.425,1200,0,650
9,2,3.794,750,0,450,,,,,,10,2,27.555,1200,0,0
9,2,4.294,0,0,0,,,,,,10,2,28.086,750,0,450
9,2,4.873,750,0,0,,,,,,10,2,28.901,1200,0,450
9,2,5.373,0,0,0,,,,,,10,2,29.84,0,0,0
9,2,5.816,750,0,0,,,,,,10,2,31.027,1200,0,0
9,2,6.316,0,0,0,,,,,,10,2,31.613,750,0,450
9,2,7.089,750,0,0,,,,,,10,2,32.212,750,0,0
9,2,7.469,750,0,0,,,,,,10,2,32.83,1200,0,450
9,2,7.969,0,0,0,,,,,,10,2,33.867,0,0,0
9,2,8.469,0,0,0,,,,,,10,2,34.334,1850,0,0
9,2,8.978,750,0,0,,,,,,10,2,35.401,1850,0,0
9,2,9.478,0,0,0,,,,,,10,2,36.077,0,0,0
9,2,10.001,750,0,0,,,,,,10,2,36.704,0,0,0
9,2,10.384,750,0,0,,,,,,10,3,0.204,0,0,0
9,2,10.884,0,0,0,,,,,,10,4,0.221,0,0,0
9,2,11.384,0,0,0,,,,,,10,4,0.878,750,0,2950
9,2,11.852,750,0,0,,,,,,10,4,1.378,0,0,0
9,2,12.352,0,0,0,,,,,,10,4,2.354,0,0,0
9,2,13.007,750,0,0,,,,,,10,4,3.131,0,0,0
9,2,13.735,750,0,0,,,,,,10,4,3.663,0,0,0
9,2,14.235,0,0,0,,,,,,10,4,4.163,0,0,0
9,2,14.633,750,0,0,,,,,,10,4,4.51,0,0,0
9,2,15.133,0,0,0,,,,,,10,5,0.052,0,0,0
9,2,15.719,750,0,0,,,,,,10,5,0.384,0,0,0
9,2,16.219,0,0,0,,,,,,10,5,0.884,0,0,0
9,2,16.865,750,0,0,,,,,,10,5,1.384,0,0,0
9,2,17.365,0,0,0,,,,,,10,6,0.483,0,0,0
9,2,17.767,750,0,0,,,,,,10,6,0.985,0,0,0
9,2,18.267,0,0,0,,,,,,10,7,0.985,0,0,0
9,2,18.911,750,0,0,,,,,,11,0,0,750,256,0
9,2,19.411,0,0,0,,,,,,11,0,0.807,1850,0,1100
9,2,20.399,750,0,0,,,,,,11,0,1.618,1850,0,0
9,2,20.892,750,0,0,,,,,,11,0,2.136,1850,0,0
9,2,21.392,0,0,0,,,,,,11,0,2.521,1850,0,0
9,2,21.856,750,0,0,,,,,,11,0,3.561,750,0,1100
9,2,22.356,0,0,0,,,,,,11,0,4.34,1200,0,450
9,2,22.775,750,0,0,,,,,,11,0,5.552,750,0,450
9,2,23.275,0,0,0,,,,,,11,0,5.911,750,0,0
9,2,23.685,750,0,0,,,,,,11,0,7.186,1850,0,1100
9,2,24.185,0,0,0,,,,,,11,0,8.223,1850,0,0
9,2,24.793,750,0,0,,,,,,11,0,9.174,1200,0,650
9,2,25.293,0,0,0,,,,,,11,0,9.844,750,0,450
9,2,25.664,750,0,0,,,,,,11,0,10.589,0,0,0
9,2,26.164,0,0,0,,,,,,11,0,11.054,0,0,0
9,2,26.517,750,0,0,,,,,,11,0,11.858,0,0,0
9,2,27.017,0,0,0,,,,,,11,0,12.022,1850,0,1100
9,2,27.482,750,0,0,,,,,,11,1,0.181,0,0,0
9,2,27.982,0,0,0,,,,,,11,1,0.306,1850,0,0
9,2,28.482,0,0,0,,,,,,11,1,0.845,1850,0,0
9,2,29.025,750,0,0,,,,,,11,1,3,750,363,1100
9,2,29.502,750,0,0,,,,,,11,1,4,750,1085,0
9,2,30.002,0,0,0,,,,,,11,1,5,750,155,0
9,2,30.394,750,0,0,,,,,,11,1,5.874,750,0,0
9,2,30.894,0,0,0,,,,,,11,1,6.632,750,0,0
9,2,31.394,0,0,0,,,,,,11,1,7.83,1200,0,450
9,2,32.057,750,0,0,,,,,,11,1,8.495,750,0,450
9,2,32.386,750,0,0,,,,,,11,1,9.085,750,0,0
9,2,32.886,0,0,0,,,,,,11,1,9.598,750,0,0
9,2,33.386,0,0,0,,,,,,11,1,10.233,1850,0,1100
9,2,33.747,750,0,0,,,,,,11,1,10.363,1850,0,0
9,2,34.247,0,0,0,,,,,,11,1,10.495,1850,0,0
9,2,34.553,750,0,0,,,,,,11,1,10.997,750,0,0
9,2,35.053,0,0,0,,,,,,11,1,12.522,1200,0,450
9,2,35.553,0,0,0,,,,,,11,1,14.376,750,0,1100
9,2,36.053,0,0,0,,,,,,11,1,16,750,358,0
9,2,36.553,0,0,0,,,,,,11,1,16.96,750,0,0
9,3,0.053,0,0,0,,,,,,11,1,17.522,750,0,0
9,3,0.467,0,0,0,,,,,,11,1,18.458,1200,0,450
9,3,0.744,0,0,0,,,,,,11,1,19.228,1200,0,0
9,4,0.339,0,0,0,,,,,,11,1,19.984,1850,0,650
9,4,0.698,750,0,0,,,,,,11,1,20.109,1850,0,0
9,4,1.198,0,0,0,,,,,,11,1,20.27,1850,0,0
9,4,1.698,0,0,0,,,,,,11,1,20.403,1850,0,0
9,4,2.198,0,0,0,,,,,,11,1,20.973,750,0,450
9,4,2.502,750,0,1200,,,,,,11,1,21.541,1200,0,450
9,4,3.002,0,0,0,,,,,,11,1,21.817,1850,0,0
9,4,3.428,0,0,0,,,,,,11,1,22.518,1850,0,0
9,4,3.928,0,0,0,,,,,,11,1,23.192,0,0,0
9,4,4.428,0,0,0,,,,,,11,1,23.861,0,0,0
9,5,0.022,0,0,0,,,,,,11,1,25.306,0,0,0
9,5,0.424,0,0,0,,,,,,11,2,0.221,1850,0,0
9,5,0.971,0,0,0,,,,,,11,2,1.096,1850,0,650
9,5,1.471,0,0,0,,,,,,11,2,1.839,1200,0,650
9,6,0.443,0,0,0,,,,,,11,2,2.315,1200,0,650
9,6,0.943,0,0,0,,,,,,11,2,3.255,1850,0,650
9,6,1.443,0,0,0,,,,,,11,2,4.366,1850,0,0
9,7,1.443,0,0,0,,,,,,11,2,5.274,1200,0,650
10,0,0,750,249,0,,,,,,11,2,5.832,1200,0,0
10,0,0.988,1850,0,1100,,,,,,11,2,6.847,1850,0,650
10,0,2,1850,527,0,,,,,,11,2,7.495,1200,0,0
10,0,3,1850,142,0,,,,,,11,2,8.225,1200,0,0
10,0,3.24,1200,0,650,,,,,,11,2,9.044,1850,0,650
10,0,4.962,750,0,450,,,,,,11,2,9.969,1850,0,0
10,0,5.331,750,0,0,,,,,,11,2,10.954,1200,0,650
10,0,7,1850,83,1100,,,,,,11,2,11.693,1200,0,650
10,0,8,1850,45,0,,,,,,11,2,12.426,750,0,450
10,0,9,1850,318,0,,,,,,11,2,12.976,1200,0,450
10,0,9.918,1850,0,0,,,,,,11,2,13.683,1850,0,1100
10,0,11,1850,283,0,,,,,,11,2,14.914,1850,0,650
10,0,12,1850,255,0,,,,,,11,2,15.609,750,0,1100
10,1,0,0,443,0,,,,,,11,2,16.204,1200,0,450
10,1,0,1850,150,0,,,,,,11,2,16.854,1200,0,0
10,1,0.144,1850,0,0,,,,,,11,2,17.648,1850,0,0
10,1,0.662,1850,0,0,,,,,,11,2,19.278,1850,0,650
10,1,3,1850,1216,0,,,,,,11,2,19.989,1200,0,650
10,1,4,1850,918,0,,,,,,11,2,21.801,1200,0,0
10,1,5,1850,265,0,,,,,,11,2,22.81,750,0,450
10,1,6,1850,354,0,,,,,,11,2,23.668,750,0,0
10,1,6.874,1850,0,0,,,,,,11,2,24.794,750,0,0
10,1,7.786,1850,0,0,,,,,,11,2,25.259,750,0,0
10,1,8.392,1850,0,0,,,,,,11,2,26.039,1200,0,450
10,1,9.245,1850,0,0,,,,,,11,2,27.505,1200,0,0
10,1,10.512,1850,0,0,,,,,,11,2,28.027,750,0,450
10,1,11.041,1850,0,0,,,,,,11,2,28.727,1200,0,450
10,1,11.159,1850,0,0,,,,,,11,2,29.354,1200,0,0
10,1,12.185,1850,0,0,,,,,,11,2,30.495,1850,0,650
10,1,12.329,1850,0,0,,,,,,11,2,31.056,1200,0,650
10,1,13.875,1850,0,0,,,,,,11,2,32.586,1850,0,650
10,1,15,1850,3693,0,,,,,,11,2,33.121,1200,0,650
10,1,16,1850,1908,0,,,,,,11,2,33.722,0,0,0
10,1,17,1850,1224,0,,,,,,11,2,34.942,0,0,0
10,1,18,1850,1371,0,,,,,,11,2,35.368,1850,0,0
10,1,19,1850,1884,0,,,,,,11,2,36.539,1850,0,0
10,1,20,1850,2554,0,,,,,,11,2,36.974,0,0,0
10,1,21,1850,657,0,,,,,,11,4,0.277,0,0,0
10,1,21.201,1850,0,0,,,,,,11,4,1.092,1200,0,1850
10,1,21.482,1850,0,0,,,,,,11,4,1.889,0,0,0
10,1,23.823,1850,0,0,,,,,,11,4,2.389,0,0,0
10,1,23.98,1850,0,0,,,,,,11,4,3.131,0,0,0
10,1,24.597,1850,0,0,,,,,,11,4,3.922,0,0,0
10,2,0.127,1850,0,0,,,,,,11,4,4.422,0,0,0
10,2,2.271,1850,0,0,,,,,,11,4,4.897,0,0,0
10,2,3.503,1850,0,0,,,,,,11,5,0.439,0,0,0
10,2,4.858,1850,0,0,,,,,,11,5,0.874,0,0,0
10,2,5.848,1850,0,0,,,,,,11,5,1.374,0,0,0
10,2,7,1850,43,0,,,,,,11,6,0.574,0,0,0
10,2,8,1850,465,0,,,,,,11,6,1.002,0,0,0
10,2,9,1850,115,0,,,,,,11,7,1.002,0,0,0
10,2,10,1850,452,0,,,,,,12,0,0,750,615,0
10,2,11,1850,431,0,,,,,,12,0,0.322,750,0,0
10,2,12,1850,208,0,,,,,,12,0,1.148,1850,0,1100
10,2,12.94,1850,0,0,,,,,,12,0,1.872,1850,0,0
10,2,14,1850,414,0,,,,,,12,0,2.324,1850,0,0
10,2,15,1850,1498,0,,,,,,12,0,4.26,750,0,1100
10,2,16,1850,514,0,,,,,,12,0,5.193,750,0,0
10,2,16.691,1850,0,0,,,,,,12,0,6.277,750,0,0
10,2,17.932,1850,0,0,,,,,,12,0,7.291,750,0,0
10,2,18.75,1850,0,0,,,,,,12,0,8.351,750,0,0
10,2,20,1850,148,0,,,,,,12,0,8.868,750,0,0
10,2,20.694,1850,0,0,,,,,,12,0,10.492,1200,0,450
10,2,21.644,1850,0,0,,,,,,12,0,11.516,750,0,450
10,2,22.451,1850,0,0,,,,,,12,1,0,0,382,0
10,2,23.358,1850,0,0,,,,,,12,1,0,1850,581,1100
10,2,23.992,1850,0,0,,,,,,12,1,0.394,1850,0,0
10,2,24.927,0,0,0,,,,,,12,1,0.982,750,0,1100
10,2,26,1850,398,0,,,,,,12,1,2.8,750,0,0
10,2,27,1850,219,0,,,,,,12,1,4,750,721,0
10,2,27.647,1850,0,0,,,,,,12,1,5,750,623,0
10,2,28.366,1850,0,0,,,,,,12,1,5.342,750,0,0
10,2,29.879,1850,0,0,,,,,,12,1,6.061,1850,0,1100
10,2,31,1850,357,0,,,,,,12,1,6.692,1850,0,0
10,2,32,1850,253,0,,,,,,12,1,8.192,1850,0,0
10,2,33,1850,134,0,,,,,,12,1,8.679,1200,0,650
10,2,33.915,1850,0,0,,,,,,12,1,9.62,1850,0,650
10,2,35,1850,421,0,,,,,,12,1,9.947,1850,0,0
10,2,35.884,1850,0,0,,,,,,12,1,10.05,1850,0,0
10,2,36.823,0,0,0,,,,,,12,1,10.154,1850,0,0
10,3,0.553,1850,0,0,,,,,,12,1,10.605,1200,0,0
10,4,0.668,0,0,0,,,,,,12,1,11.554,1850,0,650
10,4,1,1850,805,0,,,,,,12,1,12.367,750,0,1100
10,4,2,1850,145,0,,,,,,12,1,13.463,750,0,0
10,4,3,1850,1030,0,,,,,,12,1,14.98,750,0,0
10,4,4,1850,648,0,,,,,,12,1,16.29,750,0,0
10,5,0,0,570,0,,,,,,12,1,17.319,750,0,0
10,5,0,1850,889,0,,,,,,12,1,17.924,750,0,0
10,5,1,1850,206,0,,,,,,12,1,18.884,1850,0,1100
10,6,0,0,435,0,,,,,,12,1,19.001,1850,0,0
10,6,0,1850,827,0,,,,,,12,1,19.124,1850,0,0
10,6,1,1850,156,0,,,,,,12,1,19.554,750,0,1100
10,7,1,0,0,0,,,,,,12,1,20.573,1850,0,1100
11,0,0,750,256,0,,,,,,12,1,20.693,1850,0,0
11,0,0.807,1850,0,1100,,,,,,12,1,21.017,750,0,0
11,0,1.618,1850,0,0,,,,,,12,1,21.305,1850,0,0
11,0,2.136,1850,0,0,,,,,,12,1,22.69,0,0,0
11,0,2.521,1850,0,0,,,,,,12,1,23.123,0,0,0
11,0,5,1850,467,0,,,,,,12,1,23.889,0,0,0
11,0,6,1850,182,0,,,,,,12,1,24.383,1850,0,1100
11,0,7,1850,552,0,,,,,,12,1,25.399,1850,0,0
11,0,8,1850,822,0,,,,,,12,2,0.614,1850,0,0
11,0,9,1850,432,0,,,,,,12,2,1.094,1200,0,650
11,0,9.59,1850,0,0,,,,,,12,2,2.319,1850,0,650
11,0,11,1850,1216,0,,,,,,12,2,3.089,1200,0,650
11,0,12,1850,2260,0,,,,,,12,2,4.345,1200,0,0
11,1,0,0,921,0,,,,,,12,2,4.952,750,0,450
11,1,0,1850,202,0,,,,,,12,2,5.478,750,0,1100
11,1,0.194,1850,0,0,,,,,,12,2,6.883,1850,0,1100
11,1,1.223,1850,0,0,,,,,,12,2,7.593,1200,0,650
11,1,3,1850,2664,0,,,,,,12,2,8.64,1200,0,0
11,1,4,1850,2793,0,,,,,,12,2,9.161,1200,0,0
11,1,5,1850,511,0,,,,,,12,2,10.615,1850,0,650
11,1,6,1850,385,0,,,,,,12,2,11.064,750,0,1100
11,1,7,1850,559,0,,,,,,12,2,11.949,750,0,0
11,1,7.917,1850,0,0,,,,,,12,2,12.683,1200,0,0
11,1,8.782,1850,0,0,,,,,,12,2,13.647,750,0,0
11,1,9.485,1850,0,0,,,,,,12,2,14.678,750,0,0
11,1,10.149,1850,0,0,,,,,,12,2,15.932,750,0,0
11,1,10.664,1850,0,0,,,,,,12,2,16.998,750,0,0
11,1,12.137,1850,0,0,,,,,,12,2,18.423,750,0,0
11,1,12.263,1850,0,0,,,,,,12,2,19.441,750,0,0
11,1,12.391,1850,0,0,,,,,,12,2,20.306,750,0,0
11,1,13.363,1850,0,0,,,,,,12,2,21.461,750,0,0
11,1,15,1850,1347,0,,,,,,12,2,22.713,750,0,0
11,1,16,1850,1910,0,,,,,,12,2,23.46,750,0,0
11,1,17,1850,1230,0,,,,,,12,2,24.959,750,0,0
11,1,18,1850,1120,0,,,,,,12,2,25.259,750,0,0
11,1,19,1850,330,0,,,,,,12,2,25.891,1850,0,1100
11,1,20,1850,1113,0,,,,,,12,2,26.733,1850,0,0
11,1,20.535,1850,0,0,,,,,,12,2,28.582,1850,0,0
11,1,20.635,1850,0,0,,,,,,12,2,29.026,750,0,1100
11,1,21.504,1850,0,0,,,,,,12,2,29.698,1200,0,450
11,1,21.62,1850,0,0,,,,,,12,2,30.686,1850,0,650
11,1,22.361,1850,0,0,,,,,,12,2,31.785,1850,0,0
11,1,22.486,1850,0,0,,,,,,12,2,32.435,1200,0,650
11,1,23.861,0,0,0,,,,,,12,2,33.101,1850,0,650
11,1,24.257,1850,0,0,,,,,,12,2,34.518,1850,0,650
11,2,0.594,0,0,0,,,,,,12,2,35.258,0,0,0
11,2,2.8,1850,0,0,,,,,,12,2,36.004,0,0,0
11,2,3.741,1850,0,0,,,,,,12,2,36.618,1850,0,0
11,2,5,1850,737,0,,,,,,12,3,0.206,1850,0,0
11,2,6,1850,88,0,,,,,,12,4,0.491,0,0,0
11,2,6.805,1850,0,0,,,,,,12,4,0.92,1200,0,1650
11,2,8,1850,66,0,,,,,,12,4,1.957,0,0,0
11,2,9,1850,276,0,,,,,,12,4,3.127,0,0,0
11,2,10,1850,145,0,,,,,,12,4,3.57,0,0,0
11,2,11,1850,182,0,,,,,,12,4,4.68,0,0,0
11,2,11.712,1850,0,0,,,,,,12,5,0.809,0,0,0
11,2,13,1850,65,0,,,,,,12,5,1.176,0,0,0
11,2,14,1850,117,0,,,,,,12,6,0.398,0,0,0
11,2,15,1850,823,0,,,,,,12,7,0.398,0,0,0
11,2,16,1850,336,0,,,,,,13,0,0,750,606,0
11,2,16.852,1850,0,0,,,,,,13,0,0.79,750,0,0
11,2,18,1850,165,0,,,,,,13,0,1.825,750,0,0
11,2,19,1850,151,0,,,,,,13,0,2.416,750,0,0
11,2,19.905,1850,0,0,,,,,,13,0,3.074,1850,0,1100
11,2,21,1850,470,0,,,,,,13,0,5,750,184,1100
11,2,21.987,1850,0,0,,,,,,13,0,6,750,390,0
11,2,23,1850,432,0,,,,,,13,0,7,750,1121,0
11,2,24,1850,278,0,,,,,,13,0,8,750,280,0
11,2,24.845,1850,0,0,,,,,,13,0,8.921,750,0,0
11,2,26,1850,665,0,,,,,,13,0,10,1200,220,450
11,2,26.919,1850,0,0,,,,,,13,0,11,750,153,450
11,2,28,1850,104,0,,,,,,13,0,12,750,178,0
11,2,29,1850,172,0,,,,,,13,1,0,0,615,0
11,2,30,1850,734,0,,,,,,13,1,0,1850,188,1100
11,2,30.973,1850,0,0,,,,,,13,1,0.21,1850,0,0
11,2,32,1850,877,0,,,,,,13,1,1.101,1200,0,650
11,2,33,1850,339,0,,,,,,13,1,1.777,750,0,450
11,2,34,1850,173,0,,,,,,13,1,3.126,1200,0,450
11,2,35,1850,392,0,,,,,,13,1,3.647,750,0,450
11,2,35.914,1850,0,0,,,,,,13,1,4.339,1200,0,450
11,2,36.677,1850,0,0,,,,,,13,1,5.581,1200,0,0
11,3,0.673,1850,0,0,,,,,,13,1,6.113,1200,0,0
11,4,1.444,0,0,0,,,,,,13,1,7.408,1850,0,650
11,4,2,1850,483,0,,,,,,13,1,8.061,1200,0,650
11,4,3,1850,774,0,,,,,,13,1,8.768,1200,0,0
11,4,4,1850,307,0,,,,,,13,1,9.335,1850,0,650
11,5,0,0,1877,0,,,,,,13,1,9.462,1850,0,0
11,5,0,1850,1049,0,,,,,,13,1,9.893,750,0,0
11,5,1,1850,40,0,,,,,,13,1,10.536,1200,0,450
11,6,0,0,1260,0,,,,,,13,1,10.66,1850,0,0
11,6,0,1850,1600,0,,,,,,13,1,11.103,750,0,450
11,6,1,1850,1102,0,,,,,,13,1,12.387,750,0,1100
11,7,1,0,0,0,,,,,,13,1,13.734,750,0,0
12,0,0,750,615,0,,,,,,13,1,14.768,750,0,0
12,0,0.322,750,0,0,,,,,,13,1,16.065,750,0,0
12,0,0.713,750,0,0,,,,,,13,1,16.742,750,0,0
12,0,1.302,1850,0,1100,,,,,,13,1,17.42,750,0,0
12,0,1.814,1850,0,0,,,,,,13,1,18.581,1850,0,1100
12,0,5,1850,1121,0,,,,,,13,1,18.702,1850,0,0
12,0,5.868,750,0,1100,,,,,,13,1,19.269,750,0,0
12,0,7,750,100,0,,,,,,13,1,19.404,1850,0,0
12,0,8,750,92,0,,,,,,13,1,19.764,750,0,0
12,0,9,750,106,0,,,,,,13,1,20.643,0,0,0
12,0,9.776,750,0,0,,,,,,13,1,20.757,1850,0,0
12,0,10.956,750,0,0,,,,,,13,1,21.402,0,0,0
12,0,12,750,541,0,,,,,,13,1,21.981,1850,0,0
12,1,0,0,810,0,,,,,,13,1,22.955,0,0,0
12,1,0,1200,167,450,,,,,,13,1,23.65,1200,0,450
12,1,0.149,1200,0,0,,,,,,13,1,24.554,1200,0,0
12,1,0.699,1200,0,0,,,,,,13,1,25.304,1200,0,0
12,1,3,750,622,450,,,,,,13,2,0.19,1200,0,0
12,1,3.846,750,0,0,,,,,,13,2,0.694,1850,0,1100
12,1,4.242,750,0,0,,,,,,13,2,1.216,1850,0,650
12,1,4.578,750,0,0,,,,,,13,2,3.202,1850,0,0
12,1,5.128,1200,0,450,,,,,,13,2,4.171,750,0,1100
12,1,6.206,1200,0,0,,,,,,13,2,4.796,750,0,0
12,1,6.891,1200,0,0,,,,,,13,2,5.42,750,0,0
12,1,7.328,1200,0,0,,,,,,13,2,6.303,1200,0,450
12,1,7.916,1200,0,0,,,,,,13,2,6.875,1200,0,0
12,1,8.489,1200,0,0,,,,,,13,2,7.923,1850,0,0
12,1,8.815,1200,0,0,,,,,,13,2,8.602,1200,0,0
12,1,9.441,1850,0,0,,,,,,13,2,9.977,1850,0,650
12,1,10.384,1850,0,650,,,,,,13,2,11.037,750,0,1100
12,1,10.797,1850,0,0,,,,,,13,2,11.859,750,0,0
12,1,11.466,0,0,0,,,,,,13,2,12.824,750,0,0
12,1,11.603,1850,0,0,,,,,,13,2,13.647,1200,0,450
12,1,13.118,0,0,0,,,,,,13,2,14.597,1200,0,0
12,1,13.256,1850,0,0,,,,,,13,2,15.242,750,0,450
12,1,15,1850,2683,0,,,,,,13,2,16.229,1200,0,450
12,1,16,1850,2186,0,,,,,,13,2,17.136,750,0,450
12,1,17,1850,901,0,,,,,,13,2,17.731,750,0,0
12,1,18,1850,1076,0,,,,,,13,2,18.82,0,0,0
12,1,19,1850,691,0,,,,,,13,2,19.639,1200,0,450
12,1,20,1850,1190,0,,,,,,13,2,20.506,750,0,450
12,1,20.982,1850,0,0,,,,,,13,2,21.163,750,0,0
12,1,21.091,1850,0,0,,,,,,13,2,21.8,1200,0,450
12,1,21.225,1850,0,0,,,,,,13,2,22.878,0,0,0
12,1,22.268,1850,0,0,,,,,,13,2,24.008,750,0,450
12,1,22.381,1850,0,0,,,,,,13,2,24.433,750,0,0
12,1,23.169,750,0,1100,,,,,,13,2,24.937,1200,0,450
12,1,23.451,1200,0,650,,,,,,13,2,25.707,1850,0,0
12,1,23.932,750,0,0,,,,,,13,2,26.301,750,0,450
12,1,24.387,1200,0,650,,,,,,13,2,26.922,750,0,0
12,1,25.545,1200,0,0,,,,,,13,2,27.51,1200,0,650
12,2,0.213,0,0,0,,,,,,13,2,29.456,1200,0,450
12,2,1.04,1200,0,0,,,,,,13,2,30.288,750,0,450
12,2,1.621,1200,0,0,,,,,,13,2,30.797,750,0,0
12,2,2.858,1200,0,0,,,,,,13,2,31.928,1200,0,450
12,2,4,1200,484,0,,,,,,13,2,32.543,750,0,450
12,2,4.831,750,0,450,,,,,,13,2,33.217,1200,0,450
12,2,6,750,133,0,,,,,,13,2,33.862,0,0,0
12,2,7,750,205,0,,,,,,13,2,34.758,0,0,0
12,2,8,750,17,0,,,,,,13,2,35.258,0,0,0
12,2,8.862,750,0,0,,,,,,13,2,35.758,0,0,0
12,2,9.889,750,0,0,,,,,,13,2,36.258,0,0,0
12,2,11,750,72,0,,,,,,13,2,36.758,0,0,0
12,2,11.723,750,0,0,,,,,,13,3,0.258,0,0,0
12,2,12.628,750,0,0,,,,,,13,3,0.894,0,0,0
12,2,13.4,750,0,0,,,,,,13,4,0.489,0,0,0
12,2,13.894,750,0,0,,,,,,13,4,1.258,750,0,2300
12,2,14.306,0,0,0,,,,,,13,4,1.708,0,0,0
12,2,14.837,1200,0,450,,,,,,13,4,2.208,0,0,0
12,2,15.337,0,0,0,,,,,,13,4,2.52,0,0,0
12,2,16.321,1200,0,0,,,,,,13,4,3.02,0,0,0
12,2,17.259,750,0,450,,,,,,13,4,3.293,0,0,0
12,2,17.627,750,0,0,,,,,,13,4,3.793,0,0,0
12,2,18.127,0,0,0,,,,,,13,4,4.293,0,0,0
12,2,18.631,750,0,0,,,,,,13,4,4.909,0,0,0
12,2,19.131,0,0,0,,,,,,13,5,0.451,0,0,0
12,2,19.545,750,0,0,,,,,,13,5,0.84,0,0,0
12,2,20.045,0,0,0,,,,,,13,5,1.34,0,0,0
12,2,20.345,750,0,0,,,,,,13,6,0.125,0,0,0
12,2,20.845,0,0,0,,,,,,13,6,0.685,0,0,0
12,2,21.345,0,0,0,,,,,,13,6,1.185,0,0,0
12,2,21.794,750,0,0,,,,,,13,7,1.185,0,0,0
12,2,22.294,0,0,0,,,,,,14,0,0,750,280,0
12,2,22.875,750,0,0,,,,,,14,0,0.949,1850,0,1100
12,2,23.375,0,0,0,,,,,,14,0,1.534,1850,0,0
12,2,23.883,750,0,0,,,,,,14,0,2.154,1850,0,0
12,2,24.383,0,0,0,,,,,,14,0,2.483,1850,0,0
12,2,25.066,750,0,0,,,,,,14,0,4.297,750,0,1100
12,2,25.471,750,0,0,,,,,,14,0,5.387,750,0,0
12,2,25.971,0,0,0,,,,,,14,0,6.333,750,0,0
12,2,26.471,0,0,0,,,,,,14,0,7.548,750,0,0
12,2,26.882,750,0,0,,,,,,14,0,8.13,750,0,0
12,2,27.382,0,0,0,,,,,,14,0,9.221,1200,0,450
12,2,27.799,750,0,0,,,,,,14,0,9.738,750,0,450
12,2,28.299,0,0,0,,,,,,14,0,10.657,1200,0,450
12,2,28.743,750,0,0,,,,,,14,0,11.681,0,0,0
12,2,29.243,0,0,0,,,,,,14,1,0,0,213,0
12,2,30.132,750,0,0,,,,,,14,1,0,1850,212,650
12,2,30.757,750,0,0,,,,,,14,1,0.201,1850,0,0
12,2,31.257,0,0,0,,,,,,14,1,0.827,1200,0,650
12,2,31.773,750,0,0,,,,,,14,1,2.439,750,0,450
12,2,32.273,0,0,0,,,,,,14,1,3.389,750,0,0
12,2,32.702,750,0,0,,,,,,14,1,4.246,750,0,0
12,2,33.202,0,0,0,,,,,,14,1,4.716,750,0,0
12,2,33.676,750,0,0,,,,,,14,1,5.965,1200,0,450
12,2,34.176,0,0,0,,,,,,14,1,6.545,1200,0,0
12,2,34.577,750,0,0,,,,,,14,1,7.326,1850,0,650
12,2,35.077,0,0,0,,,,,,14,1,8.443,1850,0,0
12,2,35.577,0,0,0,,,,,,14,1,9.619,1200,0,650
12,2,36.077,0,0,0,,,,,,14,1,10.528,1200,0,0
12,2,36.577,0,0,0,,,,,,14,1,10.696,1850,0,650
12,3,0.077,0,0,0,,,,,,14,1,10.868,1850,0,0
12,3,0.526,0,0,0,,,,,,14,1,11.338,750,0,0
12,4,0.027,0,0,0,,,,,,14,1,12.652,750,0,1100
12,4,0.936,750,0,0,,,,,,14,1,13.775,750,0,0
12,4,1.436,0,0,0,,,,,,14,1,14.345,750,0,0
12,4,1.936,0,0,0,,,,,,14,1,15.916,1200,0,450
12,4,2.436,0,0,0,,,,,,14,1,17.02,750,0,450
12,4,2.736,750,0,1200,,,,,,14,1,17.57,750,0,0
12,4,3.236,0,0,0,,,,,,14,1,18.728,1850,0,1100
12,4,3.559,0,0,0,,,,,,14,1,18.828,1850,0,0
12,4,4.059,0,0,0,,,,,,14,1,19.153,750,0,0
12,4,4.775,0,0,0,,,,,,14,1,19.27,1850,0,0
12,5,0.317,0,0,0,,,,,,14,1,19.727,750,0,0
12,5,0.574,0,0,0,,,,,,14,1,21.148,1200,0,450
12,5,0.842,0,0,0,,,,,,14,1,21.26,1850,0,0
12,5,1.342,0,0,0,,,,,,14,1,21.603,1850,0,0
12,6,0.314,0,0,0,,,,,,14,1,23.088,1850,0,0
12,6,0.814,0,0,0,,,,,,14,1,23.44,0,0,0
12,6,1.314,0,0,0,,,,,,14,1,23.98,0,0,0
12,7,1.314,0,0,0,,,,,,14,2,0.017,0,0,0
13,0,0,750,606,0,,,,,,14,2,0.947,1200,0,0
13,0,0.79,750,0,0,,,,,,14,2,1.473,1200,0,650
13,0,1.825,750,0,0,,,,,,14,2,2.319,1200,0,0
13,0,2.706,1200,0,450,,,,,,14,2,3.46,1200,0,0
13,0,3.099,1200,0,0,,,,,,14,2,3.794,750,0,450
13,0,5,750,205,450,,,,,,14,2,4.48,1850,0,650
13,0,6,750,416,0,,,,,,14,2,5.392,1850,0,1100
13,0,7,750,1103,0,,,,,,14,2,6.229,1850,0,0
13,0,8,750,282,0,,,,,,14,2,6.866,1850,0,0
13,0,8.92,750,0,0,,,,,,14,2,7.772,1850,0,0
13,0,9.653,750,0,0,,,,,,14,2,8.565,1850,0,0
13,0,10.725,750,0,0,,,,,,14,2,9.21,1850,0,0
13,0,12,750,84,0,,,,,,14,2,10.007,1850,0,0
13,1,0,0,831,0,,,,,,14,2,10.817,1850,0,0
13,1,0,1200,149,450,,,,,,14,2,11.604,1200,0,650
13,1,0.145,1200,0,0,,,,,,14,2,12.626,1200,0,650
13,1,0.793,1200,0,0,,,,,,14,2,14.07,1850,0,650
13,1,1.906,750,0,450,,,,,,14,2,14.748,1200,0,650
13,1,2.492,750,0,0,,,,,,14,2,16.075,1200,0,0
13,1,3.309,750,0,0,,,,,,14,2,16.436,750,0,450
13,1,3.732,750,0,0,,,,,,14,2,17.432,1850,0,1100
13,1,4.208,750,0,0,,,,,,14,2,18.262,1850,0,0
13,1,4.734,1200,0,450,,,,,,14,2,19.524,1850,0,0
13,1,5.439,1200,0,0,,,,,,14,2,20.096,750,0,1100
13,1,6.154,1200,0,0,,,,,,14,2,20.632,1200,0,450
13,1,6.6,1200,0,0,,,,,,14,2,21.12,1850,0,1100
13,1,7.228,1200,0,0,,,,,,14,2,21.768,1850,0,650
13,1,8.162,1200,0,0,,,,,,14,2,23.26,1850,0,0
13,1,8.875,1200,0,0,,,,,,14,2,24.121,750,0,1100
13,1,9.357,0,0,0,,,,,,14,2,24.953,1200,0,450
13,1,10.012,1200,0,0,,,,,,14,2,25.356,1200,0,0
13,1,10.53,1200,0,0,,,,,,14,2,26.384,1850,0,650
13,1,11.219,0,0,0,,,,,,14,2,27.13,1200,0,650
13,1,11.329,1200,0,0,,,,,,14,2,27.787,1200,0,0
13,1,11.837,1200,0,0,,,,,,14,2,29.237,0,0,0
13,1,12.558,1200,0,0,,,,,,14,2,29.867,750,0,450
13,1,12.669,1200,0,0,,,,,,14,2,30.43,1200,0,450
13,1,13.33,1200,0,0,,,,,,14,2,30.992,1850,0,650
13,1,14.703,750,0,450,,,,,,14,2,32.014,0,0,0
13,1,16,750,491,0,,,,,,14,2,33.334,1850,0,0
13,1,16.982,750,0,0,,,,,,14,2,33.723,1850,0,0
13,1,18,750,0,0,,,,,,14,2,34.133,1850,0,0
13,1,19,750,128,0,,,,,,14,2,34.773,1850,0,0
13,1,19.806,750,0,0,,,,,,14,2,35.758,0,0,0
13,1,20.434,1200,0,450,,,,,,14,2,36.667,0,0,0
13,1,20.536,1200,0,0,,,,,,14,3,0.167,0,0,0
13,1,21.199,1200,0,450,,,,,,14,3,0.683,0,0,0
13,1,21.34,1200,0,0,,,,,,14,4,0.278,0,0,0
13,1,22.119,750,0,450,,,,,,14,4,0.672,750,0,2300
13,1,22.239,1200,0,0,,,,,,14,4,1.172,0,0,0
13,1,23.045,0,0,0,,,,,,14,4,1.719,0,0,0
13,1,23.344,1200,0,0,,,,,,14,4,2.219,0,0,0
13,1,23.844,0,0,0,,,,,,14,4,2.889,0,0,0
13,1,24.344,0,0,0,,,,,,14,4,3.389,0,0,0
13,1,24.844,0,0,0,,,,,,14,4,3.849,0,0,0
13,1,25.344,0,0,0,,,,,,14,4,4.349,0,0,0
13,1,25.844,0,0,0,,,,,,14,4,4.786,0,0,0
13,2,0.344,0,0,0,,,,,,14,5,0.328,0,0,0
13,2,0.871,750,0,450,,,,,,14,5,0.733,0,0,0
13,2,1.421,1200,0,450,,,,,,14,5,1.233,0,0,0
13,2,1.825,750,0,450,,,,,,14,6,0.353,0,0,0
13,2,2.435,0,0,0,,,,,,14,6,1.183,0,0,0
13,2,3.1,1200,0,450,,,,,,14,7,1.183,0,0,0
13,2,3.404,750,0,450,,,,,,15,0,0,750,304,0
13,2,3.904,0,0,0,,,,,,15,0,0.59,1200,0,450
13,2,4.404,0,0,0,,,,,,15,0,1.622,1850,0,650
13,2,4.738,750,0,0,,,,,,15,0,2.382,1850,0,0
13,2,5.238,0,0,0,,,,,,15,0,3.238,1850,0,0
13,2,5.547,750,0,0,,,,,,15,0,4.954,750,0,1100
13,2,6.047,0,0,0,,,,,,15,0,5.824,750,0,0
13,2,6.373,750,0,0,,,,,,15,0,6.966,750,0,0
13,2,6.873,0,0,0,,,,,,15,0,8,750,112,0
13,2,7.373,0,0,0,,,,,,15,0,8.984,750,0,0
13,2,7.913,750,0,0,,,,,,15,0,9.705,750,0,0
13,2,8.413,0,0,0,,,,,,15,0,10.556,750,0,0
13,2,9.274,750,0,0,,,,,,15,0,11.503,750,0,0
13,2,10.168,750,0,0,,,,,,15,0,12.188,0,0,0
13,2,10.832,750,0,0,,,,,,15,1,0,0,928,0
13,2,11.332,0,0,0,,,,,,15,1,0,1850,261,1100
13,2,12.009,750,0,0,,,,,,15,1,0.265,1850,0,0
13,2,12.589,750,0,0,,,,,,15,1,0.81,750,0,1100
13,2,13.089,0,0,0,,,,,,15,1,3,750,29,0
13,2,14.09,750,0,0,,,,,,15,1,4,750,341,0
13,2,14.5,750,0,0,,,,,,15,1,5,750,1131,0
13,2,15,0,0,0,,,,,,15,1,6,750,101,0
13,2,15.5,0,0,0,,,,,,15,1,7,750,642,0
13,2,15.845,750,0,0,,,,,,15,1,7.643,750,0,0
13,2,16.345,0,0,0,,,,,,15,1,9,1200,130,450
13,2,16.889,750,0,0,,,,,,15,1,10,750,142,450
13,2,17.389,0,0,0,,,,,,15,1,11,750,25,0
13,2,17.919,750,0,0,,,,,,15,1,12,1200,88,450
13,2,18.419,0,0,0,,,,,,15,1,12.3,1850,0,650
13,2,18.832,750,0,0,,,,,,15,1,12.55,1850,0,0
13,2,19.332,0,0,0,,,,,,15,1,13.997,750,0,1100
13,2,20.121,750,0,0,,,,,,15,1,15.02,750,0,0
13,2,20.766,750,0,0,,,,,,15,1,16.037,750,0,0
13,2,21.266,0,0,0,,,,,,15,1,16.806,750,0,0
13,2,22.306,750,0,0,,,,,,15,1,17.956,1200,0,450
13,2,23.291,750,0,0,,,,,,15,1,18.658,750,0,450
13,2,23.794,750,0,0,,,,,,15,1,19.488,1850,0,1100
13,2,24.294,0,0,0,,,,,,15,1,19.605,1850,0,0
13,2,25.164,750,0,0,,,,,,15,1,19.72,1850,0,0
13,2,25.665,750,0,0,,,,,,15,1,20.013,750,0,0
13,2,26.165,0,0,0,,,,,,15,1,20.116,1850,0,0
13,2,26.704,750,0,0,,,,,,15,1,20.432,750,0,0
13,2,27.204,0,0,0,,,,,,15,1,22.009,1850,0,1100
13,2,27.953,750,0,0,,,,,,15,1,22.404,1850,0,0
13,2,28.453,0,0,0,,,,,,15,1,23.137,1200,0,650
13,2,29.036,750,0,0,,,,,,15,1,23.772,1850,0,0
13,2,29.705,750,0,0,,,,,,15,1,24.529,0,0,0
13,2,30.205,0,0,0,,,,,,15,1,25.764,0,0,0
13,2,31.102,750,0,0,,,,,,15,2,0.69,0,0,0
13,2,31.723,750,0,0,,,,,,15,2,1.616,1850,0,650
13,2,32.223,0,0,0,,,,,,15,2,2.531,1200,0,650
13,2,32.82,750,0,0,,,,,,15,2,3.366,750,0,450
13,2,33.32,0,0,0,,,,,,15,2,4.098,750,0,0
13,2,33.955,750,0,0,,,,,,15,2,4.715,750,0,0
13,2,34.455,0,0,0,,,,,,15,2,5.523,1200,0,650
13,2,35.166,750,0,0,,,,,,15,2,6.185,750,0,0
13,2,35.666,0,0,0,,,,,,15,2,6.855,750,0,0
13,2,36.166,0,0,0,,,,,,15,2,7.667,750,0,450
13,2,36.666,0,0,0,,,,,,15,2,8.836,750,0,0
13,3,0.166,0,0,0,,,,,,15,2,9.293,750,0,0
13,3,0.662,0,0,0,,,,,,15,2,10.948,1200,0,450
13,4,0.641,0,0,0,,,,,,15,2,11.849,750,0,450
13,4,1.471,750,0,450,,,,,,15,2,12.901,750,0,0
13,4,1.971,0,0,0,,,,,,15,2,13.746,1200,0,450
13,4,2.471,0,0,0,,,,,,15,2,14.842,1200,0,0
13,4,2.899,750,0,1200,,,,,,15,2,15.491,750,0,450
13,4,3.399,0,0,0,,,,,,15,2,16.821,1200,0,450
13,4,4.239,0,0,0,,,,,,15,2,17.539,750,0,450
13,5,0.15,0,0,0,,,,,,15,2,18.286,750,0,0
13,5,0.868,0,0,0,,,,,,15,2,18.852,750,0,0
13,5,1.254,0,0,0,,,,,,15,2,19.417,750,0,0
13,6,0.226,0,0,0,,,,,,15,2,20.333,750,0,0
13,6,0.726,0,0,0,,,,,,15,2,20.846,750,0,0
13,6,1.226,0,0,0,,,,,,15,2,22.139,750,0,0
13,7,1.226,0,0,0,,,,,,15,2,22.649,750,0,0
14,0,0,750,280,0,,,,,,15,2,23.668,750,0,0
14,0,0.949,1850,0,1100,,,,,,15,2,24.931,1200,0,450
14,0,1.534,1850,0,0,,,,,,15,2,25.912,750,0,450
14,0,2.154,1850,0,0,,,,,,15,2,26.701,750,0,0
14,0,2.483,1850,0,0,,,,,,15,2,28.04,750,0,0
14,0,5,1850,2198,0,,,,,,15,2,28.804,750,0,0
14,0,6,1850,738,0,,,,,,15,2,29.642,750,0,0
14,0,7,1850,810,0,,,,,,15,2,30.444,750,0,0
14,0,8,1850,1557,0,,,,,,15,2,31.211,750,0,0
14,0,9,1850,809,0,,,,,,15,2,31.956,750,0,0
14,0,10,1850,127,0,,,,,,15,2,32.942,1200,0,450
14,0,11,1850,514,0,,,,,,15,2,33.612,1200,0,450
14,0,12,1850,246,0,,,,,,15,2,34.765,1200,0,0
14,1,0,0,693,0,,,,,,15,2,35.477,0,0,0
14,1,0,1850,281,0,,,,,,15,2,36.259,0,0,0
14,1,0.266,1850,0,0,,,,,,15,3,0.123,1850,0,650
14,1,1.375,1850,0,0,,,,,,15,4,0.286,0,0,0
14,1,3,1850,1903,0,,,,,,15,4,1.238,750,0,1200
14,1,4,1850,1488,0,,,,,,15,4,2.044,0,0,0
14,1,5,1850,1339,0,,,,,,15,4,2.945,0,0,0
14,1,6,1850,1119,0,,,,,,15,4,3.511,750,0,1100
14,1,7,1850,1106,0,,,,,,15,4,4.18,0,0,0
14,1,8,1850,278,0,,,,,,15,4,4.836,0,0,0
14,1,9,1850,499,0,,,,,,15,5,0.927,0,0,0
14,1,10,1850,174,0,,,,,,15,6,0.298,0,0,0
14,1,11,1850,169,0,,,,,,15,6,1.286,0,0,0
14,1,11.941,1850,0,0,,,,,,15,7,1.286,0,0,0
14,1,12.056,1850,0,0,,,,,,16,0,0,750,630,0
14,1,12.162,1200,0,650,,,,,,16,0,0.825,750,0,0
14,1,12.562,1200,0,0,,,,,,16,0,1.942,750,0,0
14,1,13.023,1200,0,0,,,,,,16,0,2.607,750,0,0
14,1,15,1850,491,650,,,,,,16,0,3.282,1850,0,1100
14,1,16,1850,1416,0,,,,,,16,0,5,750,724,1100
14,1,17,1850,845,0,,,,,,16,0,6,750,110,0
14,1,18,1850,1411,0,,,,,,16,0,7,750,588,0
14,1,19,1850,1018,0,,,,,,16,0,8,750,2,0
14,1,20,1850,319,0,,,,,,16,0,9,750,483,0
14,1,20.573,1850,0,0,,,,,,16,0,9.988,750,0,0
14,1,20.707,1850,0,0,,,,,,16,0,10.691,750,0,0
14,1,22.186,1850,0,650,,,,,,16,0,11.583,750,0,0
14,1,22.308,1850,0,0,,,,,,16,1,0,0,132,0
14,1,22.416,1850,0,0,,,,,,16,1,0,1850,251,1100
14,1,23.03,1850,0,0,,,,,,16,1,0.276,1850,0,0
14,1,23.263,1850,0,0,,,,,,16,1,0.972,750,0,1100
14,1,23.793,0,0,0,,,,,,16,1,3,750,342,0
14,1,24.847,0,0,0,,,,,,16,1,4,750,781,0
14,1,25.982,1850,0,0,,,,,,16,1,5,750,544,0
14,2,1.41,1850,0,0,,,,,,16,1,6,750,279,0
14,2,2.441,1850,0,0,,,,,,16,1,7,750,531,0
14,2,2.925,1850,0,0,,,,,,16,1,7.892,750,0,0
14,2,3.87,1850,0,0,,,,,,16,1,8.669,750,0,0
14,2,5,1850,325,0,,,,,,16,1,9.386,750,0,0
14,2,6,1850,204,0,,,,,,16,1,9.92,750,0,0
14,2,6.657,1850,0,0,,,,,,16,1,10.99,1850,0,1100
14,2,7.706,1850,0,0,,,,,,16,1,11.153,1850,0,0
14,2,9,1850,18,0,,,,,,16,1,11.334,1850,0,0
14,2,9.485,1850,0,0,,,,,,16,1,13.784,750,0,1100
14,2,10.335,1850,0,0,,,,,,16,1,15.98,750,0,0
14,2,11.315,1850,0,0,,,,,,16,1,17,750,584,0
14,2,12.34,1850,0,0,,,,,,16,1,18,750,1025,0
14,2,13.294,1850,0,0,,,,,,16,1,19,750,278,0
14,2,15,1850,0,0,,,,,,16,1,19.864,750,0,0
14,2,16,1850,171,0,,,,,,16,1,20.964,1200,0,450
14,2,17,1850,128,0,,,,,,16,1,21.086,1850,0,650
14,2,18,1850,327,0,,,,,,16,1,21.243,1850,0,0
14,2,18.851,1850,0,0,,,,,,16,1,21.373,1850,0,0
14,2,19.942,1850,0,0,,,,,,16,1,21.72,1200,0,650
14,2,21,1850,390,0,,,,,,16,1,22.518,1200,0,0
14,2,22,1850,254,0,,,,,,16,1,23.736,1200,0,0
14,2,23,1850,80,0,,,,,,16,1,24.591,750,0,450
14,2,23.874,1850,0,0,,,,,,16,1,25.281,750,0,0
14,2,24.631,1850,0,0,,,,,,16,2,0.153,1200,0,0
14,2,26,1850,352,0,,,,,,16,2,1.119,1200,0,450
14,2,26.788,1850,0,0,,,,,,16,2,1.869,750,0,450
14,2,27.369,1850,0,0,,,,,,16,2,2.653,0,0,0
14,2,28.441,1850,0,0,,,,,,16,2,3.457,750,0,0
14,2,29.292,1850,0,0,,,,,,16,2,4.084,750,0,0
14,2,30.726,1850,0,0,,,,,,16,2,4.9,750,0,0
14,2,32,1850,117,0,,,,,,16,2,5.642,0,0,0
14,2,33,1850,413,0,,,,,,16,2,6.84,1200,0,450
14,2,34,1850,123,0,,,,,,16,2,7.655,750,0,450
14,2,35,1850,977,0,,,,,,16,2,8.373,750,0,0
14,2,36,1850,183,0,,,,,,16,2,9.659,1200,0,450
14,3,0.839,1850,0,1100,,,,,,16,2,10.443,750,0,450
14,4,2.631,0,0,0,,,,,,16,2,11.268,750,0,0
14,4,3,1850,2492,0,,,,,,16,2,11.646,750,0,0
14,4,4,1850,1861,1850,,,,,,16,2,12.631,0,0,0
14,5,1,0,662,0,,,,,,16,2,13.577,1850,0,1100
14,5,1,1850,2340,0,,,,,,16,2,14.455,1850,0,0
14,6,0,0,1534,0,,,,,,16,2,15.009,1200,0,650
14,6,0,1850,1116,0,,,,,,16,2,15.669,1850,0,650
14,6,1,1850,840,0,,,,,,16,2,16.428,1850,0,650
14,7,1,0,0,0,,,,,,16,2,17.905,1200,0,650
15,0,0,750,304,0,,,,,,16,2,18.595,750,0,450
15,0,0.93,1850,0,1100,,,,,,16,2,19.468,1200,0,450
15,0,1.982,1850,0,0,,,,,,16,2,20.417,750,0,450
15,0,3,1850,149,0,,,,,,16,2,20.946,750,0,0
15,0,3.38,1200,0,650,,,,,,16,2,21.844,1200,0,650
15,0,5,750,123,450,,,,,,16,2,22.453,1200,0,450
15,0,5.888,750,0,0,,,,,,16,2,23.177,750,0,450
15,0,7,750,41,0,,,,,,16,2,24.109,1200,0,450
15,0,8,750,271,0,,,,,,16,2,24.917,1200,0,0
15,0,8.831,750,0,0,,,,,,16,2,26.189,1200,0,0
15,0,9.873,1200,0,450,,,,,,16,2,26.958,750,0,450
15,0,10.726,750,0,450,,,,,,16,2,27.556,750,0,0
15,0,11.606,750,0,0,,,,,,16,2,28.426,1200,0,450
15,1,0,0,433,0,,,,,,16,2,29.698,1200,0,0
15,1,0,1200,197,450,,,,,,16,2,30.249,750,0,450
15,1,0.2,1200,0,0,,,,,,16,2,31.305,1200,0,450
15,1,0.96,1200,0,0,,,,,,16,2,32.186,750,0,450
15,1,3,750,182,450,,,,,,16,2,32.693,750,0,0
15,1,4,750,452,0,,,,,,16,2,33.886,750,0,450
15,1,5,750,1027,0,,,,,,16,2,34.792,1200,0,450
15,1,6,750,269,0,,,,,,16,2,35.742,750,0,450
15,1,7,750,486,0,,,,,,16,2,36.639,0,0,0
15,1,7.591,750,0,0,,,,,,16,4,0.052,0,0,0
15,1,8.522,750,0,0,,,,,,16,4,0.814,750,0,1200
15,1,9.896,750,0,0,,,,,,16,4,1.094,1850,0,1100
15,1,10.877,750,0,0,,,,,,16,4,1.743,0,0,0
15,1,11.818,1200,0,450,,,,,,16,4,2.443,1850,0,0
15,1,12.014,1200,0,0,,,,,,16,4,3.535,0,0,0
15,1,12.226,1200,0,0,,,,,,16,5,0.099,0,0,0
15,1,13.265,750,0,0,,,,,,16,5,0.628,0,0,0
15,1,14.415,750,0,450,,,,,,16,5,1.377,0,0,0
15,1,15.537,750,0,0,,,,,,16,6,0.747,0,0,0
15,1,16.473,750,0,0,,,,,,16,6,1.454,0,0,0
15,1,17.577,750,0,0,,,,,,16,7,1.454,0,0,0
15,1,18.074,750,0,0,,,,,,17,0,0,750,248,0
15,1,18.796,750,0,0,,,,,,17,0,0.765,1850,0,1100
15,1,19.392,1200,0,450,,,,,,17,0,1.846,1850,0,0
15,1,19.98,1200,0,450,,,,,,17,0,2.515,1850,0,0
15,1,20.556,1200,0,0,,,,,,17,0,3.22,1850,0,0
15,1,20.68,1200,0,0,,,,,,17,0,5,750,344,1100
15,1,21.377,1200,0,0,,,,,,17,0,5.699,750,0,0
15,1,21.494,1200,0,0,,,,,,17,0,6.412,750,0,0
15,1,22.326,0,0,0,,,,,,17,0,7.514,1200,0,450
15,1,22.435,1200,0,0,,,,,,17,0,8.289,750,0,450
15,1,23.012,0,0,0,,,,,,17,0,8.857,1200,0,450
15,1,23.283,1200,0,0,,,,,,17,0,9.783,1200,0,0
15,1,23.77,1200,0,0,,,,,,17,0,10.848,750,0,450
15,1,24.351,1200,0,0,,,,,,17,0,11.619,0,0,0
15,1,24.975,1200,0,0,,,,,,17,1,0,0,601,0
15,1,25.369,1200,0,650,,,,,,17,1,0,1850,213,1100
15,2,0.459,1200,0,0,,,,,,17,1,0.203,1850,0,0
15,2,1.054,1200,0,0,,,,,,17,1,1.069,1200,0,650
15,2,1.889,0,0,0,,,,,,17,1,3,750,23,450
15,2,2.321,1200,0,0,,,,,,17,1,3.702,750,0,0
15,2,3.051,1200,0,0,,,,,,17,1,4.976,1200,0,450
15,2,4.15,1200,0,0,,,,,,17,1,5.841,750,0,450
15,2,5.264,1200,0,0,,,,,,17,1,6.788,750,0,0
15,2,6.38,1200,0,0,,,,,,17,1,7.428,750,0,0
15,2,7.588,1200,0,0,,,,,,17,1,8.023,1200,0,450
15,2,9,1200,174,0,,,,,,17,1,9.059,1850,0,650
15,2,9.932,1200,0,0,,,,,,17,1,9.978,1200,0,650
15,2,11,1200,743,0,,,,,,17,1,10.444,1850,0,650
15,2,11.97,1200,0,0,,,,,,17,1,10.556,1850,0,0
15,2,12.442,750,0,450,,,,,,17,1,10.67,1850,0,0
15,2,13.038,750,0,0,,,,,,17,1,11.035,750,0,0
15,2,14.281,750,0,0,,,,,,17,1,13.116,750,0,1100
15,2,14.803,750,0,0,,,,,,17,1,14.747,750,0,0
15,2,15.793,1200,0,0,,,,,,17,1,15.685,750,0,0
15,2,16.771,1200,0,450,,,,,,17,1,16.454,750,0,0
15,2,17.547,750,0,450,,,,,,17,1,17.836,1200,0,450
15,2,18.248,750,0,0,,,,,,17,1,18.607,750,0,450
15,2,18.902,750,0,0,,,,,,17,1,19.224,1850,0,1100
15,2,19.869,0,0,0,,,,,,17,1,19.323,1850,0,0
15,2,20.421,750,0,0,,,,,,17,1,19.437,1850,0,0
15,2,21.737,1200,0,450,,,,,,17,1,19.737,750,0,0
15,2,22.517,750,0,450,,,,,,17,1,21.422,1850,0,1100
15,2,23.188,750,0,0,,,,,,17,1,21.548,1850,0,0
15,2,24.382,1200,0,450,,,,,,17,1,21.871,1200,0,650
15,2,25.821,750,0,450,,,,,,17,1,22.233,750,0,1100
15,2,26.769,750,0,0,,,,,,17,1,23.161,1850,0,0
15,2,27.624,750,0,0,,,,,,17,1,24.06,0,0,0
15,2,28.321,750,0,0,,,,,,17,1,24.822,0,0,0
15,2,29.121,750,0,0,,,,,,17,1,25.467,0,0,0
15,2,30.071,750,0,0,,,,,,17,2,0.38,1850,0,0
15,2,31.005,750,0,0,,,,,,17,2,1.205,1850,0,1100
15,2,31.791,750,0,0,,,,,,17,2,1.672,1200,0,650
15,2,32.291,0,0,0,,,,,,17,2,2.434,1850,0,0
15,2,33.049,750,0,0,,,,,,17,2,3.238,1850,0,650
15,2,33.656,750,0,0,,,,,,17,2,4.776,1850,0,0
15,2,34.156,0,0,0,,,,,,17,2,5.129,750,0,1100
15,2,34.701,750,0,0,,,,,,17,2,5.991,1850,0,1100
15,2,35.201,0,0,0,,,,,,17,2,6.678,1850,0,0
15,2,35.701,0,0,0,,,,,,17,2,7.567,1850,0,0
15,2,36.201,0,0,0,,,,,,17,2,8.781,1850,0,0
15,2,36.701,0,0,0,,,,,,17,2,9.494,1850,0,0
15,3,0.201,0,0,0,,,,,,17,2,10.351,1850,0,0
15,4,0.239,0,0,0,,,,,,17,2,11.292,1850,0,0
15,4,1.205,750,0,450,,,,,,17,2,12.607,1200,0,650
15,4,1.705,0,0,0,,,,,,17,2,13.055,1200,0,0
15,4,2.205,0,0,0,,,,,,17,2,14.163,1850,0,650
15,4,2.941,750,0,1200,,,,,,17,2,15.021,1200,0,650
15,4,3.441,0,0,0,,,,,,17,2,15.68,1200,0,0
15,4,4.544,0,0,0,,,,,,17,2,16.344,1200,0,650
15,5,0.705,0,0,0,,,,,,17,2,17.721,1850,0,650
15,5,1.45,0,0,0,,,,,,17,2,18.434,1200,0,650
15,6,0.794,0,0,0,,,,,,17,2,19.814,1850,0,650
15,6,1.294,0,0,0,,,,,,17,2,20.534,750,0,1100
15,7,1.294,0,0,0,,,,,,17,2,21.417,750,0,0
16,0,0,750,630,0,,,,,,17,2,21.743,750,0,0
16,0,0.825,750,0,0,,,,,,17,2,22.338,1850,0,1100
16,0,1.942,750,0,0,,,,,,17,2,23.368,1200,0,450
16,0,2.903,1200,0,450,,,,,,17,2,23.873,1200,0,0
16,0,3.3,1200,0,0,,,,,,17,2,25.391,1850,0,0
16,0,5,750,791,450,,,,,,17,2,26.283,1200,0,0
16,0,6,750,65,0,,,,,,17,2,26.839,750,0,450
16,0,7,750,596,0,,,,,,17,2,27.747,1200,0,450
16,0,7.999,750,0,0,,,,,,17,2,28.849,1200,0,0
16,0,9,750,489,0,,,,,,17,2,29.677,750,0,450
16,0,9.972,750,0,0,,,,,,17,2,30.219,750,0,0
16,0,10.682,750,0,0,,,,,,17,2,31.384,1200,0,450
16,0,11.573,750,0,0,,,,,,17,2,32.093,750,0,450
16,1,0,0,126,0,,,,,,17,2,32.952,1200,0,450
16,1,0,1200,190,450,,,,,,17,2,33.526,0,0,0
16,1,0.183,1200,0,0,,,,,,17,2,34.509,0,0,0
16,1,1.176,1200,0,0,,,,,,17,2,35.236,1850,0,0
16,1,3,750,554,450,,,,,,17,2,35.853,1200,0,650
16,1,4,750,734,0,,,,,,17,2,36.845,0,0,0
16,1,5,750,541,0,,,,,,17,3,0.716,0,0,0
16,1,6,750,300,0,,,,,,17,4,0.537,0,0,0
16,1,7,750,594,0,,,,,,17,4,1.272,1200,0,1850
16,1,7.789,750,0,0,,,,,,17,4,2.291,0,0,0
16,1,8.669,750,0,0,,,,,,17,4,3.354,0,0,0
16,1,9.271,750,0,0,,,,,,17,4,3.844,0,0,0
16,1,9.831,750,0,0,,,,,,17,4,4.344,0,0,0
16,1,10.78,1200,0,0,,,,,,17,4,4.768,0,0,0
16,1,11.511,1200,0,450,,,,,,17,5,0.31,0,0,0
16,1,11.665,1200,0,0,,,,,,17,5,0.816,0,0,0
16,1,12.409,750,0,450,,,,,,17,5,1.316,0,0,0
16,1,12.566,1200,0,0,,,,,,17,6,0.41,0,0,0
16,1,13.405,750,0,0,,,,,,17,6,1.188,0,0,0
16,1,15,750,1040,450,,,,,,17,7,1.188,0,0,0
16,1,16,750,1097,0,,,,,,18,0,0,750,768,0
16,1,17,750,1126,0,,,,,,18,0,1,750,49,0
16,1,18,750,315,0,,,,,,18,0,2,750,301,0
16,1,19,750,356,0,,,,,,18,0,2.819,750,0,0
16,1,19.829,750,0,0,,,,,,18,0,3.574,1200,0,450
16,1,20.745,1200,0,450,,,,,,18,0,5,750,304,450
16,1,20.884,1200,0,0,,,,,,18,0,6,750,219,0
16,1,21.431,750,0,0,,,,,,18,0,7,750,314,0
16,1,21.578,1200,0,0,,,,,,18,0,8,750,112,0
16,1,22.257,0,0,0,,,,,,18,0,9,750,11,0
16,1,22.375,1200,0,0,,,,,,18,0,9.821,750,0,0
16,1,23.184,0,0,0,,,,,,18,0,10.799,750,0,0
16,1,23.587,1200,0,0,,,,,,18,0,12,750,243,0
16,1,24.141,750,0,0,,,,,,18,1,0,0,365,0
16,1,24.921,750,0,0,,,,,,18,1,0,1850,279,1100
16,1,25.675,750,0,0,,,,,,18,1,0.232,1850,0,0
16,2,0.257,1200,0,450,,,,,,18,1,0.88,1200,0,650
16,2,1.012,750,0,0,,,,,,18,1,3,750,676,450
16,2,1.641,750,0,450,,,,,,18,1,4,750,296,0
16,2,2.31,0,0,0,,,,,,18,1,5,750,575,0
16,2,3.214,1200,0,450,,,,,,18,1,5.883,750,0,0
16,2,3.992,750,0,450,,,,,,18,1,6.956,750,0,0
16,2,4.676,1200,0,450,,,,,,18,1,7.913,750,0,0
16,2,5.699,750,0,0,,,,,,18,1,8.602,750,0,0
16,2,6.417,750,0,0,,,,,,18,1,9.625,750,0,0
16,2,7.56,750,0,0,,,,,,18,1,10.186,750,0,0
16,2,8.305,750,0,0,,,,,,18,1,11.318,1850,0,1100
16,2,9.197,750,0,0,,,,,,18,1,11.504,1850,0,0
16,2,9.459,750,0,0,,,,,,18,1,11.693,1850,0,0
16,2,9.778,1200,0,0,,,,,,18,1,14.118,750,0,1100
16,2,10.514,0,0,0,,,,,,18,1,16,750,560,0
16,2,10.891,1200,0,450,,,,,,18,1,17,750,415,0
16,2,11.391,0,0,0,,,,,,18,1,18,750,779,0
16,2,12.031,1200,0,0,,,,,,18,1,19,750,448,0
16,2,12.82,1200,0,0,,,,,,18,1,20,750,219,0
16,2,13.32,0,0,0,,,,,,18,1,20.478,1200,0,450
16,2,13.882,750,0,450,,,,,,18,1,20.578,1850,0,650
16,2,14.382,0,0,0,,,,,,18,1,20.694,1850,0,0
16,2,14.702,750,0,0,,,,,,18,1,20.797,1850,0,0
16,2,15.202,0,0,0,,,,,,18,1,21.098,750,0,0
16,2,15.473,750,0,0,,,,,,18,1,21.372,1850,0,0
16,2,15.973,0,0,0,,,,,,18,1,21.992,1850,0,1100
16,2,16.473,0,0,0,,,,,,18,1,23.038,1850,0,0
16,2,16.81,750,0,0,,,,,,18,1,24.116,1850,0,0
16,2,17.31,0,0,0,,,,,,18,1,25.155,1850,0,0
16,2,17.671,750,0,0,,,,,,18,1,25.608,0,0,0
16,2,18.171,0,0,0,,,,,,18,2,0.728,0,0,0
16,2,18.656,750,0,0,,,,,,18,2,1.4,1850,0,0
16,2,19.156,0,0,0,,,,,,18,2,2.391,1850,0,0
16,2,19.889,750,0,0,,,,,,18,2,3.436,1200,0,650
16,2,20.389,0,0,0,,,,,,18,2,4.471,1200,0,0
16,2,21.237,750,0,0,,,,,,18,2,4.877,750,0,450
16,2,21.984,750,0,0,,,,,,18,2,5.541,0,0,0
16,2,22.484,0,0,0,,,,,,18,2,6.481,1850,0,1100
16,2,23.101,750,0,0,,,,,,18,2,7.475,1850,0,0
16,2,23.711,750,0,0,,,,,,18,2,8.092,1200,0,650
16,2,24.211,0,0,0,,,,,,18,2,9.013,1850,0,650
16,2,25.264,750,0,0,,,,,,18,2,10.089,1200,0,650
16,2,25.689,750,0,0,,,,,,18,2,10.45,750,0,450
16,2,26.189,0,0,0,,,,,,18,2,11.338,1850,0,0
16,2,26.785,750,0,0,,,,,,18,2,12.102,750,0,0
16,2,27.285,0,0,0,,,,,,18,2,13.13,1200,0,450
16,2,27.761,750,0,0,,,,,,18,2,13.717,1200,0,0
16,2,28.261,0,0,0,,,,,,18,2,14.46,1200,0,650
16,2,28.835,750,0,0,,,,,,18,2,15.281,1200,0,0
16,2,29.335,0,0,0,,,,,,18,2,15.796,1200,0,0
16,2,29.899,750,0,0,,,,,,18,2,16.636,1850,0,650
16,2,30.399,0,0,0,,,,,,18,2,17.44,1200,0,0
16,2,31.208,750,0,0,,,,,,18,2,18.156,1200,0,0
16,2,31.886,750,0,0,,,,,,18,2,19.218,1850,0,650
16,2,32.386,0,0,0,,,,,,18,2,20.203,1200,0,650
16,2,32.911,750,0,0,,,,,,18,2,20.74,1200,0,0
16,2,33.411,0,0,0,,,,,,18,2,21.699,1200,0,650
16,2,34.296,750,0,0,,,,,,18,2,22.856,1850,0,650
16,2,34.814,750,0,0,,,,,,18,2,23.512,750,0,1100
16,2,35.314,0,0,0,,,,,,18,2,24.465,1850,0,1100
16,2,35.814,0,0,0,,,,,,18,2,25.221,1850,0,0
16,2,36.314,0,0,0,,,,,,18,2,25.935,1850,0,0
16,2,36.814,0,0,0,,,,,,18,2,27.181,1850,0,650
16,3,0.314,0,0,0,,,,,,18,2,27.817,750,0,1100
16,4,0.242,0,0,0,,,,,,18,2,28.364,750,0,0
16,4,0.856,750,0,0,,,,,,18,2,29.259,1200,0,450
16,4,1.356,0,0,0,,,,,,18,2,29.858,1200,0,0
16,4,1.856,0,0,0,,,,,,18,2,31.078,1850,0,0
16,4,2.356,0,0,0,,,,,,18,2,31.869,1200,0,0
16,4,3.017,750,0,1200,,,,,,18,2,32.407,1200,0,0
16,4,3.769,0,0,0,,,,,,18,2,33.25,1850,0,650
16,4,4.269,0,0,0,,,,,,18,2,34.218,0,0,0
16,5,0.044,0,0,0,,,,,,18,2,34.765,0,0,0
16,5,0.591,0,0,0,,,,,,18,2,35.393,1850,0,0
16,6,0.077,0,0,0,,,,,,18,2,36.885,1850,0,0
16,6,0.577,0,0,0,,,,,,18,3,0.702,0,0,0
16,6,1.077,0,0,0,,,,,,18,4,0.591,0,0,0
16,7,1.077,0,0,0,,,,,,18,4,1.371,750,0,2300
17,0,0,750,248,0,,,,,,18,4,1.999,0,0,0
17,0,0.765,1850,0,1100,,,,,,18,4,2.575,0,0,0
17,0,1.846,1850,0,0,,,,,,18,4,3.878,0,0,0
17,0,2.515,1850,0,0,,,,,,18,4,4.289,0,0,0
17,0,3.22,1850,0,0,,,,,,18,5,0.511,0,0,0
17,0,5,1850,2171,0,,,,,,18,5,1.196,0,0,0
17,0,6,1850,447,0,,,,,,18,6,0.328,0,0,0
17,0,7,1850,1432,0,,,,,,18,6,1.004,0,0,0
17,0,8,1850,2388,0,,,,,,18,7,1.004,0,0,0
17,0,9,1850,792,0,,,,,,19,0,0,750,930,0
17,0,10,1850,147,0,,,,,,19,0,1,750,182,0
17,0,11,1850,987,0,,,,,,19,0,2,750,178,0
17,0,12,1850,420,0,,,,,,19,0,2.408,750,0,0
17,1,0,0,856,0,,,,,,19,0,2.964,1850,0,1100
17,1,0,1850,270,0,,,,,,19,0,4.084,750,0,1100
17,1,0.222,1200,0,650,,,,,,19,0,5.246,1200,0,450
17,1,0.698,1200,0,0,,,,,,19,0,5.851,750,0,450
17,1,2.101,750,0,450,,,,,,19,0,6.516,1200,0,450
17,1,3.324,750,0,0,,,,,,19,0,8.69,1850,0,650
17,1,4.563,750,0,0,,,,,,19,0,9.316,1200,0,650
17,1,5.279,750,0,0,,,,,,19,0,9.985,1200,0,0
17,1,5.967,750,0,0,,,,,,19,0,10.862,1200,0,0
17,1,6.453,1200,0,450,,,,,,19,0,11.285,0,0,0
17,1,7.56,1200,0,0,,,,,,19,0,11.608,0,0,0
17,1,8.204,1200,0,0,,,,,,19,1,0,0,45,0
17,1,9.035,1200,0,0,,,,,,19,1,0,1850,150,650
17,1,9.652,1200,0,0,,,,,,19,1,0.145,1850,0,0
17,1,10.093,1200,0,0,,,,,,19,1,0.971,1850,0,0
17,1,10.401,1200,0,0,,,,,,19,1,2.11,750,0,1100
17,1,12.289,1850,0,650,,,,,,19,1,2.785,750,0,0
17,1,12.397,1200,0,0,,,,,,19,1,3.678,1200,0,450
17,1,12.506,1200,0,0,,,,,,19,1,4.799,1200,0,0
17,1,13.127,1200,0,0,,,,,,19,1,5.254,750,0,450
17,1,14.654,750,0,450,,,,,,19,1,5.959,1850,0,1100
17,1,15.415,750,0,0,,,,,,19,1,6.735,1850,0,0
17,1,16.551,750,0,0,,,,,,19,1,7.291,1850,0,0
17,1,17.389,750,0,0,,,,,,19,1,8.152,1850,0,0
17,1,17.817,750,0,0,,,,,,19,1,8.605,1850,0,0
17,1,18.38,0,0,0,,,,,,19,1,9.296,1850,0,0
17,1,19.632,1850,0,1100,,,,,,19,1,9.452,1850,0,0
17,1,20.813,1850,0,0,,,,,,19,1,9.952,750,0,1100
17,1,20.929,1850,0,0,,,,,,19,1,10.638,1200,0,450
17,1,21.753,0,0,0,,,,,,19,1,10.798,1850,0,0
17,1,21.894,1850,0,0,,,,,,19,1,11.233,750,0,450
17,1,22.547,1850,0,650,,,,,,19,1,12.507,750,0,1100
17,1,22.648,1850,0,0,,,,,,19,1,13.635,750,0,0
17,1,23.254,1200,0,650,,,,,,19,1,14.841,750,0,0
17,1,23.596,1850,0,0,,,,,,19,1,16.788,750,0,0
17,1,24.362,1850,0,650,,,,,,19,1,17.602,750,0,0
17,1,25.569,1850,0,1100,,,,,,19,1,18.459,750,0,0
17,2,0.161,1850,0,0,,,,,,19,1,19.239,1200,0,450
17,2,1.243,1850,0,0,,,,,,19,1,19.387,1850,0,650
17,2,2.277,0,0,0,,,,,,19,1,19.59,1850,0,0
17,2,3.166,1850,0,0,,,,,,19,1,20.178,750,0,0
17,2,4.197,1850,0,0,,,,,,19,1,20.313,1850,0,0
17,2,5.514,1850,0,0,,,,,,19,1,20.943,0,0,0
17,2,6.355,1850,0,0,,,,,,19,1,21.812,0,0,0
17,2,7.678,1850,0,0,,,,,,19,1,22.231,1850,0,0
17,2,8.337,1850,0,0,,,,,,19,1,23.132,0,0,0
17,2,9.802,1850,0,0,,,,,,19,1,23.822,1200,0,450
17,2,11,1850,549,0,,,,,,19,1,25.142,1200,0,0
17,2,11.665,1850,0,0,,,,,,19,1,25.8,750,0,450
17,2,12.715,1850,0,0,,,,,,19,2,0.544,750,0,0
17,2,13.505,1850,0,0,,,,,,19,2,1.396,1200,0,450
17,2,15,1850,868,0,,,,,,19,2,2.224,750,0,450
17,2,16,1850,190,0,,,,,,19,2,2.962,750,0,0
17,2,17,1850,241,0,,,,,,19,2,3.718,1200,0,450
17,2,18,1850,822,0,,,,,,19,2,4.235,750,0,0
17,2,19,1850,941,0,,,,,,19,2,5.296,1200,0,450
17,2,20,1850,609,0,,,,,,19,2,6.024,1200,0,0
17,2,21,1850,297,0,,,,,,19,2,7.125,1200,0,0
17,2,22,1850,66,0,,,,,,19,2,8.131,750,0,450
17,2,23,1850,61,0,,,,,,19,2,9.107,750,0,0
17,2,24,1850,198,0,,,,,,19,2,10.235,750,0,0
17,2,25,1850,286,0,,,,,,19,2,11.352,750,0,0
17,2,26,1850,667,0,,,,,,19,2,13.435,750,0,0
17,2,27,1850,323,0,,,,,,19,2,14.51,750,0,0
17,2,28,1850,121,0,,,,,,19,2,15.53,750,0,0
17,2,29,1850,609,0,,,,,,19,2,17.213,750,0,0
17,2,30,1850,617,0,,,,,,19,2,18.203,750,0,0
17,2,31,1850,686,0,,,,,,19,2,19.652,750,0,0
17,2,32,1850,642,0,,,,,,19,2,20.929,750,0,0
17,2,33,1850,574,0,,,,,,19,2,22,750,79,0
17,2,33.684,1200,0,650,,,,,,19,2,23,750,506,0
17,2,34.496,1200,0,0,,,,,,19,2,24,750,382,0
17,2,35.027,1200,0,0,,,,,,19,2,24.972,750,0,0
17,2,35.502,1200,0,650,,,,,,19,2,26,750,918,0
17,2,36.847,1200,0,0,,,,,,19,2,27,750,277,0
17,3,0.389,0,0,0,,,,,,19,2,27.973,750,0,0
17,4,0.195,0,0,0,,,,,,19,2,29,750,165,0
17,4,0.68,750,0,1100,,,,,,19,2,30,750,386,0
17,4,1.18,0,0,0,,,,,,19,2,30.49,750,0,0
17,4,1.68,0,0,0,,,,,,19,2,31.503,1200,0,450
17,4,2.18,0,0,0,,,,,,19,2,32.485,1200,0,0
17,4,2.687,750,0,1850,,,,,,19,2,33.473,1200,0,0
17,4,3.187,0,0,0,,,,,,19,2,34.542,750,0,450
17,4,3.927,0,0,0,,,,,,19,2,34.983,750,0,0
17,4,4.427,0,0,0,,,,,,19,2,35.605,750,0,450
17,5,0.045,0,0,0,,,,,,19,2,36.749,0,0,0
17,5,0.464,0,0,0,,,,,,19,3,0.497,0,0,0
17,5,1.283,0,0,0,,,,,,19,4,0.362,0,0,0
17,6,0.255,0,0,0,,,,,,19,4,1.174,750,0,1200
17,6,0.755,0,0,0,,,,,,19,4,1.987,0,0,0
17,6,1.255,0,0,0,,,,,,19,4,2.967,1850,0,1100
17,7,1.255,0,0,0,,,,,,19,4,4.605,0,0,0
18,0,0,750,768,0,,,,,,19,5,0.411,0,0,0
18,0,1,750,49,0,,,,,,19,5,1.291,0,0,0
18,0,2,750,301,0,,,,,,19,6,0.437,0,0,0
18,0,2.819,750,0,0,,,,,,19,6,1,1200,801,650
18,0,3.574,1200,0,450,,,,,,19,7,1,0,0,0
18,0,5,750,304,450,,,,,,,,,,,
18,0,6,750,219,0,,,,,,,,,,,
18,0,7,750,314,0,,,,,,,,,,,
18,0,8,750,112,0,,,,,,,,,,,
18,0,9,750,11,0,,,,,,,,,,,
18,0,9.821,750,0,0,,,,,,,,,,,
18,0,10.799,750,0,0,,,,,,,,,,,
18,0,12,750,243,0,,,,,,,,,,,
18,1,0,0,674,0,,,,,,,,,,,
18,1,0,1200,181,450,,,,,,,,,,,
18,1,0.175,1200,0,0,,,,,,,,,,,
18,1,0.788,1200,0,0,,,,,,,,,,,
18,1,3,750,704,450,,,,,,,,,,,
18,1,4,750,444,0,,,,,,,,,,,
18,1,5,750,366,0,,,,,,,,,,,
18,1,5.858,750,0,0,,,,,,,,,,,
18,1,7,750,7,0,,,,,,,,,,,
18,1,7.882,750,0,0,,,,,,,,,,,
18,1,8.726,750,0,0,,,,,,,,,,,
18,1,9.611,750,0,0,,,,,,,,,,,
18,1,10.111,750,0,0,,,,,,,,,,,
18,1,10.906,1200,0,450,,,,,,,,,,,
18,1,12.097,1200,0,0,,,,,,,,,,,
18,1,12.325,1200,0,0,,,,,,,,,,,
18,1,12.514,1200,0,0,,,,,,,,,,,
18,1,12.919,750,0,450,,,,,,,,,,,
18,1,13.658,750,0,0,,,,,,,,,,,
18,1,15,750,1698,450,,,,,,,,,,,
18,1,16,750,795,0,,,,,,,,,,,
18,1,17,750,835,0,,,,,,,,,,,
18,1,18,750,987,0,,,,,,,,,,,
18,1,18.595,750,0,0,,,,,,,,,,,
18,1,19.05,750,0,0,,,,,,,,,,,
18,1,19.418,1200,0,450,,,,,,,,,,,
18,1,19.746,1200,0,0,,,,,,,,,,,
18,1,20.149,0,0,0,,,,,,,,,,,
18,1,20.255,1200,0,0,,,,,,,,,,,
18,1,21.174,0,0,0,,,,,,,,,,,
18,1,21.302,1200,0,0,,,,,,,,,,,
18,1,21.857,1200,0,0,,,,,,,,,,,
18,1,22.668,1200,0,0,,,,,,,,,,,
18,1,22.821,1200,0,0,,,,,,,,,,,
18,1,23.346,750,0,450,,,,,,,,,,,
18,1,23.554,1200,0,0,,,,,,,,,,,
18,1,23.996,1200,0,450,,,,,,,,,,,
18,1,24.802,1200,0,0,,,,,,,,,,,
18,1,25.327,0,0,0,,,,,,,,,,,
18,1,25.827,0,0,0,,,,,,,,,,,
18,2,0.327,0,0,0,,,,,,,,,,,
18,2,0.747,750,0,0,,,,,,,,,,,
18,2,1.17,1200,0,0,,,,,,,,,,,
18,2,1.67,1200,0,0,,,,,,,,,,,
18,2,2.22,0,0,0,,,,,,,,,,,
18,2,3.2,1200,0,450,,,,,,,,,,,
18,2,4.079,1200,0,0,,,,,,,,,,,
18,2,4.699,1200,0,0,,,,,,,,,,,
18,2,5.199,0,0,0,,,,,,,,,,,
18,2,5.57,750,0,450,,,,,,,,,,,
18,2,6.07,0,0,0,,,,,,,,,,,
18,2,6.528,750,0,0,,,,,,,,,,,
18,2,7.028,0,0,0,,,,,,,,,,,
18,2,7.495,750,0,0,,,,,,,,,,,
18,2,7.995,0,0,0,,,,,,,,,,,
18,2,8.495,0,0,0,,,,,,,,,,,
18,2,8.967,750,0,0,,,,,,,,,,,
18,2,9.467,0,0,0,,,,,,,,,,,
18,2,9.9,750,0,0,,,,,,,,,,,
18,2,10.4,0,0,0,,,,,,,,,,,
18,2,10.873,750,0,0,,,,,,,,,,,
18,2,11.373,0,0,0,,,,,,,,,,,
18,2,11.753,750,0,0,,,,,,,,,,,
18,2,12.253,0,0,0,,,,,,,,,,,
18,2,12.597,750,0,0,,,,,,,,,,,
18,2,13.097,0,0,0,,,,,,,,,,,
18,2,14.087,750,0,0,,,,,,,,,,,
18,2,14.856,750,0,0,,,,,,,,,,,
18,2,15.356,0,0,0,,,,,,,,,,,
18,2,15.665,750,0,0,,,,,,,,,,,
18,2,16.165,0,0,0,,,,,,,,,,,
18,2,16.644,750,0,0,,,,,,,,,,,
18,2,17.144,0,0,0,,,,,,,,,,,
18,2,17.759,750,0,0,,,,,,,,,,,
18,2,18.259,0,0,0,,,,,,,,,,,
18,2,18.856,750,0,0,,,,,,,,,,,
18,2,19.356,0,0,0,,,,,,,,,,,
18,2,19.938,750,0,0,,,,,,,,,,,
18,2,20.438,0,0,0,,,,,,,,,,,
18,2,21.105,750,0,0,,,,,,,,,,,
18,2,21.604,750,0,0,,,,,,,,,,,
18,2,22.104,0,0,0,,,,,,,,,,,
18,2,22.539,750,0,0,,,,,,,,,,,
18,2,23.039,0,0,0,,,,,,,,,,,
18,2,23.505,750,0,0,,,,,,,,,,,
18,2,24.005,0,0,0,,,,,,,,,,,
18,2,24.734,750,0,0,,,,,,,,,,,
18,2,25.234,0,0,0,,,,,,,,,,,
18,2,25.516,750,0,0,,,,,,,,,,,
18,2,26.016,0,0,0,,,,,,,,,,,
18,2,26.302,750,0,0,,,,,,,,,,,
18,2,26.802,0,0,0,,,,,,,,,,,
18,2,27.302,0,0,0,,,,,,,,,,,
18,2,27.74,750,0,0,,,,,,,,,,,
18,2,28.24,0,0,0,,,,,,,,,,,
18,2,28.696,750,0,0,,,,,,,,,,,
18,2,29.196,0,0,0,,,,,,,,,,,
18,2,29.689,750,0,0,,,,,,,,,,,
18,2,30.189,0,0,0,,,,,,,,,,,
18,2,30.734,750,0,0,,,,,,,,,,,
18,2,31.234,0,0,0,,,,,,,,,,,
18,2,31.688,750,0,0,,,,,,,,,,,
18,2,32.188,0,0,0,,,,,,,,,,,
18,2,32.611,750,0,0,,,,,,,,,,,
18,2,33.111,0,0,0,,,,,,,,,,,
18,2,33.621,750,0,0,,,,,,,,,,,
18,2,34.121,0,0,0,,,,,,,,,,,
18,2,34.521,750,0,0,,,,,,,,,,,
18,2,35.021,0,0,0,,,,,,,,,,,
18,2,35.521,0,0,0,,,,,,,,,,,
18,2,36.021,0,0,0,,,,,,,,,,,
18,2,36.521,0,0,0,,,,,,,,,,,
18,3,0.021,0,0,0,,,,,,,,,,,
18,3,0.819,0,0,0,,,,,,,,,,,
18,4,0.374,0,0,0,,,,,,,,,,,
18,4,0.835,750,0,0,,,,,,,,,,,
18,4,1.335,0,0,0,,,,,,,,,,,
18,4,1.835,0,0,0,,,,,,,,,,,
18,4,2.335,0,0,0,,,,,,,,,,,
18,4,2.743,750,0,1200,,,,,,,,,,,
18,4,3.243,0,0,0,,,,,,,,,,,
18,4,3.875,0,0,0,,,,,,,,,,,
18,4,4.375,0,0,0,,,,,,,,,,,
18,5,0.081,0,0,0,,,,,,,,,,,
18,5,0.74,0,0,0,,,,,,,,,,,
18,5,1.269,0,0,0,,,,,,,,,,,
18,6,0.241,0,0,0,,,,,,,,,,,
18,6,0.741,0,0,0,,,,,,,,,,,
18,6,1.241,0,0,0,,,,,,,,,,,
18,7,1.241,0,0,0,,,,,,,,,,,
19,0,0,750,930,0,,,,,,,,,,,
19,0,1,750,182,0,,,,,,,,,,,
19,0,2,750,178,0,,,,,,,,,,,
19,0,2.408,750,0,0,,,,,,,,,,,
19,0,2.765,1200,0,450,,,,,,,,,,,
19,0,3.989,750,0,450,,,,,,,,,,,
19,0,4.112,1200,0,450,,,,,,,,,,,
19,0,4.936,750,0,0,,,,,,,,,,,
19,0,5.077,1200,0,0,,,,,,,,,,,
19,0,5.766,750,0,0,,,,,,,,,,,
19,0,6.132,1200,0,0,,,,,,,,,,,
19,0,6.564,750,0,0,,,,,,,,,,,
19,0,7.014,1200,0,0,,,,,,,,,,,
19,0,8.325,1200,0,450,,,,,,,,,,,
19,0,9.364,1200,0,0,,,,,,,,,,,
19,0,10.007,1200,0,0,,,,,,,,,,,
19,0,10.549,750,0,1650,,,,,,,,,,,
19,0,11.186,1200,0,0,,,,,,,,,,,
19,0,11.467,0,0,0,,,,,,,,,,,
19,0,12.092,1850,0,650,,,,,,,,,,,
19,1,0.235,0,0,0,,,,,,,,,,,
19,1,2.876,1850,0,650,,,,,,,,,,,
19,1,4,1850,1017,0,,,,,,,,,,,
19,1,5,1850,133,0,,,,,,,,,,,
19,1,6,1850,48,0,,,,,,,,,,,
19,1,7,1850,107,0,,,,,,,,,,,
19,1,7.78,1850,0,0,,,,,,,,,,,
19,1,8.776,1850,0,0,,,,,,,,,,,
19,1,9.721,1850,0,0,,,,,,,,,,,
19,1,10.629,1850,0,0,,,,,,,,,,,
19,1,11.433,1850,0,0,,,,,,,,,,,
19,1,11.556,1850,0,0,,,,,,,,,,,
19,1,12.43,1850,0,0,,,,,,,,,,,
19,1,12.652,1850,0,0,,,,,,,,,,,
19,1,14.069,0,0,0,,,,,,,,,,,
19,1,15,1850,4608,0,,,,,,,,,,,
19,1,16,1850,3269,0,,,,,,,,,,,
19,1,17,1850,2378,0,,,,,,,,,,,
19,1,18,1850,1846,0,,,,,,,,,,,
19,1,19,1850,3037,0,,,,,,,,,,,
19,1,20,1850,3569,0,,,,,,,,,,,
19,1,21,1850,908,0,,,,,,,,,,,
19,1,21.146,1850,0,0,,,,,,,,,,,
19,1,21.346,1850,0,0,,,,,,,,,,,
19,1,22.74,0,0,0,,,,,,,,,,,
19,1,22.882,1200,0,650,,,,,,,,,,,
19,1,23.704,750,0,1100,,,,,,,,,,,
19,1,24.327,1200,0,0,,,,,,,,,,,
19,1,25.689,750,0,0,,,,,,,,,,,
19,2,0.962,750,0,0,,,,,,,,,,,
19,2,2.307,750,0,1100,,,,,,,,,,,
19,2,3.262,750,0,0,,,,,,,,,,,
19,2,4.639,750,0,0,,,,,,,,,,,
19,2,6,750,278,0,,,,,,,,,,,
19,2,7,750,187,0,,,,,,,,,,,
19,2,8,750,234,0,,,,,,,,,,,
19,2,9,750,154,0,,,,,,,,,,,
19,2,9.536,750,0,0,,,,,,,,,,,
19,2,9.863,750,0,0,,,,,,,,,,,
19,2,10.636,1200,0,450,,,,,,,,,,,
19,2,11.459,1200,0,450,,,,,,,,,,,
19,2,12.119,750,0,450,,,,,,,,,,,
19,2,12.912,750,0,0,,,,,,,,,,,
19,2,13.931,750,0,450,,,,,,,,,,,
19,2,14.896,750,0,0,,,,,,,,,,,
19,2,15.653,750,0,0,,,,,,,,,,,
19,2,16.627,1200,0,450,,,,,,,,,,,
19,2,17.524,750,0,450,,,,,,,,,,,
19,2,18.368,750,0,0,,,,,,,,,,,
19,2,19.21,750,0,0,,,,,,,,,,,
19,2,20.173,750,0,0,,,,,,,,,,,
19,2,21.571,750,0,0,,,,,,,,,,,
19,2,22.382,750,0,0,,,,,,,,,,,
19,2,23.265,750,0,0,,,,,,,,,,,
19,2,23.755,750,0,0,,,,,,,,,,,
19,2,24.627,0,0,0,,,,,,,,,,,
19,2,26,750,3,0,,,,,,,,,,,
19,2,27,750,21,0,,,,,,,,,,,
19,2,27.599,750,0,0,,,,,,,,,,,
19,2,28.105,750,0,0,,,,,,,,,,,
19,2,29.229,750,0,0,,,,,,,,,,,
19,2,29.833,750,0,0,,,,,,,,,,,
19,2,30.486,1200,0,450,,,,,,,,,,,
19,2,31.126,750,0,0,,,,,,,,,,,
19,2,31.694,750,0,0,,,,,,,,,,,
19,2,32.51,1200,0,0,,,,,,,,,,,
19,2,33.127,1200,0,450,,,,,,,,,,,
19,2,34.429,1200,0,0,,,,,,,,,,,
19,2,34.955,1200,0,0,,,,,,,,,,,
19,2,35.654,0,0,0,,,,,,,,,,,
19,2,36.154,0,0,0,,,,,,,,,,,
19,2,36.654,0,0,0,,,,,,,,,,,
19,3,0.154,0,0,0,,,,,,,,,,,
19,3,0.887,0,0,0,,,,,,,,,,,
19,4,0.591,0,0,0,,,,,,,,,,,
19,4,1.775,750,0,0,,,,,,,,,,,
19,4,2.275,0,0,0,,,,,,,,,,,
19,4,2.693,750,0,1200,,,,,,,,,,,
19,4,3.193,0,0,0,,,,,,,,,,,
19,4,3.66,0,0,0,,,,,,,,,,,
19,4,4.16,0,0,0,,,,,,,,,,,
19,5,0.067,0,0,0,,,,,,,,,,,
19,5,0.461,0,0,0,,,,,,,,,,,
19,5,0.936,0,0,0,,,,,,,,,,,
19,5,1.436,0,0,0,,,,,,,,,,,
19,6,0.408,0,0,0,,,,,,,,,,,
19,6,0.908,0,0,0,,,,,,,,,,,
19,6,1.408,0,0,0,,,,,,,,,,,
19,7,1.408,0,0,0,,,,,,,,,,,
