trace_id,play_video_id,current_chunk,quality,rebuf,smooth,Thuong,,,,FixB,trace_id,play_video_id,current_chunk,quality,rebuf,smooth
0,0,0,750,239,0,,,,,,0,0,0,750,239,0
0,0,0.752,1850,0,1100,,,,,,0,0,0.752,1850,0,1100
0,0,2,1850,372,0,,,,,,0,0,2,1850,372,0
0,0,3,1850,277,0,,,,,,0,0,3,1850,277,0
0,0,3.877,1850,0,0,,,,,,0,0,3.877,1850,0,0
0,0,5,750,1152,1100,,,,,,0,0,5,750,1152,1100
0,0,5.566,750,0,0,,,,,,0,0,5.566,750,0,0
0,0,6.275,750,0,0,,,,,,0,0,6.275,750,0,0
0,0,6.902,750,0,0,,,,,,0,0,7.219,1200,0,450
0,0,7.071,1850,0,0,,,,,,0,0,8.322,1200,0,0
0,0,7.713,750,0,0,,,,,,0,0,9.454,1200,0,0
0,0,7.857,1200,0,650,,,,,,0,0,9.875,750,0,450
0,0,8.403,1200,0,0,,,,,,0,0,12,1200,736,450
0,0,9.621,1200,0,450,,,,,,0,0,12.847,750,0,450
0,0,10.042,750,0,450,,,,,,0,0,13.521,1200,0,450
0,0,11.367,750,0,0,,,,,,0,0,14.384,750,0,450
0,0,12.964,1200,0,450,,,,,,0,0,15.035,750,0,0
0,0,13.784,1200,0,0,,,,,,0,0,15.321,1850,0,0
0,0,15,1200,154,0,,,,,,0,0,15.603,1850,0,0
0,0,16,1200,68,0,,,,,,0,0,16.282,750,0,1100
0,1,0.189,1200,0,0,,,,,,0,1,1.988,750,0,0
0,1,2.766,750,0,450,,,,,,0,1,3.667,750,0,0
0,1,4,750,521,0,,,,,,0,1,5,750,273,0
0,1,5,750,655,0,,,,,,0,1,6,750,110,0
0,1,6,750,39,0,,,,,,0,1,7,750,76,0
0,1,7,750,22,0,,,,,,0,1,7.957,750,0,0
0,1,8,750,118,0,,,,,,0,1,8.956,750,0,0
0,1,9,750,7,0,,,,,,0,1,10,750,51,0
0,1,10,750,44,0,,,,,,0,1,10.929,750,0,0
0,1,10.873,750,0,0,,,,,,0,1,11.765,1200,0,450
0,1,11.713,1200,0,450,,,,,,0,1,11.954,1850,0,650
0,1,11.87,1200,0,0,,,,,,0,1,12.148,1850,0,0
0,1,12.976,750,0,450,,,,,,0,1,14.714,750,0,1100
0,1,13.144,1200,0,0,,,,,,0,1,15.91,750,0,0
0,1,14.988,750,0,450,,,,,,0,1,17,750,749,0
0,1,16,750,442,0,,,,,,0,1,18,750,70,0
0,1,17,750,615,0,,,,,,0,1,18.974,750,0,0
0,1,18,750,186,0,,,,,,0,1,19.857,750,0,0
0,1,18.998,750,0,0,,,,,,0,1,20.601,1200,0,450
0,1,19.932,750,0,0,,,,,,0,1,20.773,1850,0,650
0,1,21,1200,519,450,,,,,,0,1,21.02,1850,0,0
0,1,21.109,1200,0,0,,,,,,0,1,21.209,1850,0,0
0,1,21.244,1200,0,0,,,,,,0,1,22.037,750,0,1100
0,1,21.963,0,0,0,,,,,,0,1,22.728,750,0,0
0,1,22.681,750,0,0,,,,,,0,1,23.336,750,0,0
0,1,22.804,1200,0,0,,,,,,0,1,24.316,0,0,0
0,1,23.421,750,0,0,,,,,,0,1,25.087,0,0,0
0,1,23.858,1200,0,0,,,,,,0,2,0.016,1200,0,450
0,1,24.774,750,0,0,,,,,,0,2,0.712,0,0,0
0,1,25.366,750,0,0,,,,,,0,2,1.366,750,0,450
0,2,0.176,750,0,0,,,,,,0,3,0.317,0,0,0
0,2,1.005,0,0,0,,,,,,0,3,1.504,750,0,0
0,3,0.15,750,0,0,,,,,,0,3,3,750,157,0
0,3,1.753,750,0,0,,,,,,0,3,4,750,416,0
0,3,3.14,750,0,0,,,,,,0,3,4.487,1850,0,1100
0,3,3.691,1200,0,1200,,,,,,0,3,4.635,0,0,0
0,3,4.02,750,0,0,,,,,,0,3,5.499,0,0,0
0,3,4.147,0,0,0,,,,,,0,4,0,0,369,0
0,3,4.83,750,0,0,,,,,,0,4,0,1850,1207,0
0,3,5.208,750,0,0,,,,,,0,4,0.382,750,0,1100
0,4,0.374,0,0,0,,,,,,0,4,1.188,1850,0,1100
0,4,1.155,0,0,0,,,,,,0,4,2.083,0,0,0
0,4,1.487,1200,0,0,,,,,,0,4,2.797,0,0,0
0,4,1.974,0,0,0,,,,,,0,5,0,0,582,0
0,4,2.539,0,0,0,,,,,,0,5,0,1850,497,0
0,5,0.32,0,0,0,,,,,,0,5,0.836,1850,0,0
0,5,1.059,1200,0,450,,,,,,0,5,1.966,1850,0,0
0,5,1.732,1200,0,0,,,,,,0,5,2.775,1200,0,650
0,5,2.232,0,0,0,,,,,,0,5,3.578,1200,0,0
0,5,2.732,0,0,0,,,,,,0,5,4.09,1200,0,0
0,5,3.232,0,0,0,,,,,,0,5,4.405,1850,0,650
0,5,3.663,1200,0,1200,,,,,,0,5,5.085,0,0,0
0,5,4.163,0,0,0,,,,,,0,7,5.085,0,0,0
0,5,4.663,0,0,0,,,,,,1,0,0,750,300,0
0,5,5.163,0,0,0,,,,,,1,0,0.543,1200,0,450
0,6,0.282,0,0,0,,,,,,1,0,1.555,1850,0,650
0,7,0.282,0,0,0,,,,,,1,0,2.255,1850,0,0
1,0,0,750,300,0,,,,,,1,0,2.625,1850,0,0
1,0,0.812,1850,0,1100,,,,,,1,0,3.374,750,0,1100
1,0,2,1850,1,0,,,,,,1,0,4.191,1850,0,1100
1,0,2.54,1850,0,0,,,,,,1,0,5.223,1200,0,650
1,0,2.817,1850,0,0,,,,,,1,0,6.135,1200,0,0
1,0,4.756,1850,0,0,,,,,,1,0,7.385,1200,0,0
1,0,5.961,1850,0,0,,,,,,1,0,8.227,1200,0,0
1,0,7,1850,1333,0,,,,,,1,0,8.843,750,0,450
1,0,8,1850,350,0,,,,,,1,0,9.321,750,0,0
1,0,9,1850,818,0,,,,,,1,0,10.016,1850,0,1100
1,0,10,1850,589,0,,,,,,1,0,10.452,1850,0,0
1,0,11,1850,800,0,,,,,,1,0,10.643,1850,0,0
1,0,12,1850,1278,0,,,,,,1,0,10.826,1850,0,0
1,0,13,1850,181,0,,,,,,1,0,11.384,1200,0,650
1,0,13.484,1850,0,0,,,,,,1,0,12.192,1200,0,650
1,0,14.76,1850,0,0,,,,,,1,0,13.148,1200,0,0
1,0,16,1850,189,0,,,,,,1,0,14.447,750,0,450
1,0,16.166,1850,0,0,,,,,,1,0,15.832,1850,0,0
1,0,16.323,1850,0,0,,,,,,1,0,16.985,1200,0,650
1,0,16.918,1850,0,0,,,,,,1,1,0.434,0,0,0
1,1,0.883,1850,0,0,,,,,,1,1,1.577,750,0,0
1,1,3,1850,665,0,,,,,,1,1,2.579,750,0,0
1,1,4,1850,2025,0,,,,,,1,1,3.423,750,0,0
1,1,5,1850,704,0,,,,,,1,1,4.638,750,0,0
1,1,6,1850,419,0,,,,,,1,1,5.233,750,0,0
1,1,7,1850,392,0,,,,,,1,1,5.81,1200,0,450
1,1,8,1850,225,0,,,,,,1,1,6.578,0,0,0
1,1,8.859,1850,0,0,,,,,,1,1,7.631,1850,0,650
1,1,9.881,1850,0,0,,,,,,1,1,8.57,1200,0,650
1,1,10.671,1850,0,0,,,,,,1,1,9.202,1850,0,650
1,1,11.223,1850,0,0,,,,,,1,1,9.332,1850,0,0
1,1,11.358,1850,0,0,,,,,,1,1,9.643,750,0,450
1,1,12.264,1850,0,0,,,,,,1,1,10.318,1850,0,1100
1,1,12.393,1850,0,0,,,,,,1,1,10.453,1850,0,0
1,1,13.359,0,0,0,,,,,,1,1,11.094,750,0,1100
1,1,15,1850,4399,0,,,,,,1,1,12.907,750,0,1100
1,1,16,1850,2944,0,,,,,,1,1,13.997,750,0,0
1,1,17,1850,307,0,,,,,,1,1,15.019,750,0,0
1,1,18,1850,759,0,,,,,,1,1,15.719,750,0,0
1,1,19,1850,197,0,,,,,,1,1,16.752,1200,0,450
1,1,19.972,1850,0,0,,,,,,1,1,17.712,1200,0,0
1,1,20.457,1850,0,0,,,,,,1,1,18.283,1850,0,650
1,1,20.555,1850,0,0,,,,,,1,1,18.382,1850,0,0
1,1,21.144,1850,0,0,,,,,,1,1,18.798,750,0,0
1,1,21.27,1850,0,0,,,,,,1,1,19.816,1850,0,0
1,1,22.381,1850,0,0,,,,,,1,1,19.934,1850,0,0
1,1,22.519,1850,0,0,,,,,,1,1,20.312,750,0,1100
1,1,24.483,1850,0,0,,,,,,1,1,20.428,1850,0,0
1,1,25,1850,79,0,,,,,,1,1,20.923,750,0,0
1,2,0.528,1850,0,650,,,,,,1,1,21.595,0,0,0
1,3,0.948,0,0,0,,,,,,1,1,21.917,1850,0,0
1,3,3,1850,625,0,,,,,,1,1,22.529,1850,0,1100
1,3,4,1850,1029,0,,,,,,1,1,23.357,1850,0,0
1,3,4.713,1850,0,1850,,,,,,1,1,24.3,1850,0,0
1,3,4.925,0,0,0,,,,,,1,1,25.035,1200,0,650
1,4,0.784,1850,0,0,,,,,,1,1,25.535,0,0,0
1,4,2,1850,128,0,,,,,,1,2,0.035,0,0,0
1,5,0,0,286,0,,,,,,1,2,0.301,0,0,0
1,5,0,1850,707,0,,,,,,1,2,0.715,1850,0,650
1,5,1,1850,453,0,,,,,,1,2,1.83,0,0,0
1,5,1.974,1850,0,0,,,,,,1,3,0.942,0,0,0
1,5,3,1850,103,0,,,,,,1,3,1.57,750,0,0
1,5,3.892,1850,0,0,,,,,,1,3,2.254,1850,0,2950
1,5,4.779,1850,0,0,,,,,,1,3,2.523,0,0,0
1,6,0,1850,1,0,,,,,,1,3,3.622,0,0,0
1,7,0,0,0,0,,,,,,1,3,5.095,0,0,0
2,0,0,750,472,0,,,,,,1,4,0.72,0,0,0
2,0,0.595,750,0,0,,,,,,1,4,1.707,0,0,0
2,0,1.44,750,0,0,,,,,,1,4,2.466,0,0,0
2,0,2.481,1200,0,450,,,,,,1,4,2.856,0,0,0
2,0,2.951,1200,0,0,,,,,,1,5,0.954,0,0,0
2,0,5,750,452,450,,,,,,1,5,1.654,1850,0,650
2,0,6,750,150,0,,,,,,1,5,2.222,1850,0,1850
2,0,7,750,339,0,,,,,,1,5,2.722,0,0,0
2,0,8,750,212,0,,,,,,1,5,3.222,0,0,0
2,0,9,750,151,0,,,,,,1,5,3.722,0,0,0
2,0,9.844,750,0,0,,,,,,1,5,4.222,0,0,0
2,0,11,750,18,0,,,,,,1,5,4.722,0,0,0
2,0,12,750,250,0,,,,,,1,5,5.222,0,0,0
2,0,12.82,1200,0,450,,,,,,1,6,0.341,0,0,0
2,0,13.423,1200,0,0,,,,,,1,7,0.341,0,0,0
2,0,14.222,750,0,450,,,,,,2,0,0,750,472,0
2,0,14.977,750,0,0,,,,,,2,0,0.595,750,0,0
2,0,15.16,1200,0,0,,,,,,2,0,1.44,750,0,0
2,0,15.336,1200,0,0,,,,,,2,0,2.481,1200,0,450
2,0,16.044,1200,0,0,,,,,,2,0,3.205,1850,0,650
2,0,16.589,750,0,0,,,,,,2,0,5,750,794,1100
2,1,0.278,750,0,0,,,,,,2,0,6,750,8,0
2,1,2.6,750,0,450,,,,,,2,0,7,750,350,0
2,1,4,750,550,0,,,,,,2,0,8,750,272,0
2,1,5,750,518,0,,,,,,2,0,9,750,185,0
2,1,6,750,910,0,,,,,,2,0,9.775,750,0,0
2,1,7,750,632,0,,,,,,2,0,10.953,750,0,0
2,1,8,750,340,0,,,,,,2,0,12,750,207,0
2,1,9,750,127,0,,,,,,2,0,12.534,750,0,0
2,1,10,750,164,0,,,,,,2,0,13.478,1850,0,1100
2,1,10.745,750,0,0,,,,,,2,0,14.25,750,0,1100
2,1,11.148,1200,0,450,,,,,,2,0,14.912,750,0,0
2,1,11.262,1200,0,0,,,,,,2,0,15.151,1850,0,0
2,1,11.81,0,0,0,,,,,,2,0,15.378,1850,0,0
2,1,12.224,1200,0,450,,,,,,2,0,16.082,1200,0,650
2,1,12.328,1200,0,0,,,,,,2,1,1.076,750,0,450
2,1,12.707,1200,0,0,,,,,,2,1,3.153,750,0,0
2,1,13.133,1200,0,0,,,,,,2,1,4.659,750,0,0
2,1,14.598,750,0,450,,,,,,2,1,6,750,52,0
2,1,15.63,750,0,0,,,,,,2,1,7,750,986,0
2,1,16.996,750,0,0,,,,,,2,1,8,750,154,0
2,1,17.668,750,0,0,,,,,,2,1,9,750,118,0
2,1,18.092,750,0,0,,,,,,2,1,10,750,241,0
2,1,19.107,1200,0,450,,,,,,2,1,11,750,263,0
2,1,19.59,1200,0,0,,,,,,2,1,11.5,750,0,0
2,1,20.042,1200,0,650,,,,,,2,1,11.677,1850,0,1100
2,1,20.142,1200,0,0,,,,,,2,1,11.858,1850,0,0
2,1,20.872,1200,0,0,,,,,,2,1,13.188,750,0,1100
2,1,21.473,1200,0,0,,,,,,2,1,13.852,750,0,0
2,1,21.582,1200,0,0,,,,,,2,1,15.252,1200,0,450
2,1,22.247,1200,0,0,,,,,,2,1,16.198,750,0,450
2,1,22.373,1200,0,0,,,,,,2,1,16.636,750,0,0
2,1,22.878,1200,0,0,,,,,,2,1,18.036,1200,0,450
2,1,23.526,1200,0,0,,,,,,2,1,18.44,1200,0,0
2,1,23.761,1200,0,0,,,,,,2,1,18.542,1850,0,650
2,1,24.261,0,0,0,,,,,,2,1,18.823,750,0,0
2,1,24.761,0,0,0,,,,,,2,1,19.499,1850,0,1100
2,1,25.261,0,0,0,,,,,,2,1,19.625,1850,0,0
2,1,25.761,0,0,0,,,,,,2,1,20.265,0,0,0
2,2,0.261,0,0,0,,,,,,2,1,20.41,1850,0,0
2,2,0.978,0,0,0,,,,,,2,1,20.832,0,0,0
2,2,1.499,1200,0,650,,,,,,2,1,21.54,1850,0,0
2,3,0.108,0,0,0,,,,,,2,1,21.921,1850,0,0
2,3,0.504,750,0,450,,,,,,2,1,22.489,1200,0,650
2,3,1.062,1200,0,450,,,,,,2,1,23.347,1200,0,0
2,3,1.664,0,0,0,,,,,,2,1,23.991,1200,0,0
2,3,2.164,0,0,0,,,,,,2,1,24.756,1850,0,0
2,3,2.664,0,0,0,,,,,,2,1,25.537,1200,0,650
2,3,3.164,0,0,0,,,,,,2,2,0.304,1200,0,0
2,3,3.454,1200,0,1200,,,,,,2,2,0.867,0,0,0
2,3,3.954,0,0,0,,,,,,2,2,1.804,0,0,0
2,3,4.454,0,0,0,,,,,,2,3,0.948,0,0,0
2,3,4.595,0,0,0,,,,,,2,3,2.255,1850,0,650
2,3,5.095,0,0,0,,,,,,2,3,2.713,1850,0,1850
2,4,0.12,0,0,0,,,,,,2,3,2.855,0,0,0
2,4,0.691,0,0,0,,,,,,2,3,3.323,1200,0,0
2,4,1.191,0,0,0,,,,,,2,3,4.367,0,0,0
2,4,1.691,0,0,0,,,,,,2,3,5.539,0,0,0
2,4,2.191,0,0,0,,,,,,2,4,0.236,0,0,0
2,5,0.014,0,0,0,,,,,,2,4,0.917,0,0,0
2,5,0.698,750,0,450,,,,,,2,4,2.24,1850,0,650
2,5,1.162,750,0,0,,,,,,2,5,0.579,0,0,0
2,5,1.662,0,0,0,,,,,,2,5,1.239,750,0,1100
2,5,2.162,0,0,0,,,,,,2,5,1.96,750,0,0
2,5,2.662,0,0,0,,,,,,2,5,2.896,750,0,0
2,5,3.162,0,0,0,,,,,,2,5,4.066,750,0,0
2,5,3.898,750,0,1200,,,,,,2,5,4.823,1200,0,450
2,5,4.398,0,0,0,,,,,,2,6,0.104,0,0,0
2,5,4.898,0,0,0,,,,,,2,7,0.104,0,0,0
2,6,0.017,0,0,0,,,,,,3,0,0,750,451,0
2,7,0.017,0,0,0,,,,,,3,0,0.938,1200,0,450
3,0,0,750,451,0,,,,,,3,0,1.64,1200,0,0
3,0,0.938,1200,0,450,,,,,,3,0,2.296,1850,0,650
3,0,1.485,750,0,450,,,,,,3,0,2.733,1850,0,0
3,0,1.862,1200,0,450,,,,,,3,0,4.275,750,0,1100
3,0,2.187,1200,0,0,,,,,,3,0,5.166,750,0,0
3,0,3.507,750,0,450,,,,,,3,0,5.895,750,0,0
3,0,3.708,1200,0,0,,,,,,3,0,6.752,750,0,0
3,0,3.929,1200,0,0,,,,,,3,0,7.892,750,0,0
3,0,4.553,1200,0,0,,,,,,3,0,8.699,750,0,0
3,0,5.446,750,0,0,,,,,,3,0,9.666,750,0,0
3,0,6.166,750,0,0,,,,,,3,0,10.87,750,0,0
3,0,7.072,750,0,0,,,,,,3,0,11.536,1200,0,450
3,0,8.214,750,0,0,,,,,,3,0,12.147,1850,0,650
3,0,9.368,1200,0,450,,,,,,3,0,12.936,1200,0,650
3,0,10.461,750,0,450,,,,,,3,0,13.925,1200,0,0
3,0,11.505,750,0,0,,,,,,3,0,14.114,1850,0,0
3,0,12.126,1200,0,450,,,,,,3,0,14.295,1850,0,0
3,0,12.557,1200,0,0,,,,,,3,0,14.844,1200,0,650
3,0,13.469,1200,0,0,,,,,,3,0,16.526,750,0,450
3,0,14.255,1200,0,0,,,,,,3,1,0.158,1200,0,0
3,0,14.928,1200,0,0,,,,,,3,1,1.232,750,0,0
3,0,15.802,1200,0,0,,,,,,3,1,2.703,750,0,0
3,0,16.418,0,0,0,,,,,,3,1,3.892,750,0,0
3,1,0.148,1200,0,0,,,,,,3,1,5.308,750,0,0
3,1,1.629,750,0,450,,,,,,3,1,6.248,750,0,0
3,1,3.34,750,0,0,,,,,,3,1,7.318,750,0,0
3,1,4.877,750,0,0,,,,,,3,1,7.731,750,0,0
3,1,6,750,165,0,,,,,,3,1,8.311,1200,0,450
3,1,7,750,358,0,,,,,,3,1,9.115,1850,0,650
3,1,7.452,750,0,0,,,,,,3,1,9.315,1850,0,0
3,1,7.934,1200,0,450,,,,,,3,1,10.099,750,0,450
3,1,8.688,1200,0,0,,,,,,3,1,10.283,1850,0,0
3,1,9.885,1200,0,0,,,,,,3,1,10.988,0,0,0
3,1,10.578,750,0,450,,,,,,3,1,11.567,0,0,0
3,1,11.084,1200,0,450,,,,,,3,1,12.772,750,0,1100
3,1,11.203,1200,0,0,,,,,,3,1,13.928,750,0,0
3,1,11.709,750,0,450,,,,,,3,1,14.587,750,0,0
3,1,12.165,1200,0,0,,,,,,3,1,15.832,1200,0,450
3,1,12.272,1200,0,0,,,,,,3,1,16.631,1200,0,0
3,1,12.793,1200,0,0,,,,,,3,1,17.401,1200,0,0
3,1,13.627,1200,0,0,,,,,,3,1,17.914,1850,0,650
3,1,14.556,750,0,450,,,,,,3,1,18.66,1850,0,1100
3,1,15.693,750,0,0,,,,,,3,1,18.76,1850,0,0
3,1,16.462,750,0,0,,,,,,3,1,19.06,750,0,1100
3,1,17.157,750,0,0,,,,,,3,1,19.177,1850,0,0
3,1,17.948,1200,0,450,,,,,,3,1,19.672,750,0,0
3,1,18.416,1200,0,0,,,,,,3,1,20.559,1200,0,450
3,1,19.25,1200,0,0,,,,,,3,1,20.672,1850,0,0
3,1,19.761,1200,0,0,,,,,,3,1,21.003,750,0,1100
3,1,20.458,1200,0,0,,,,,,3,1,21.524,1850,0,0
3,1,20.559,1200,0,0,,,,,,3,1,22.165,750,0,0
3,1,21.581,1200,0,0,,,,,,3,1,22.645,750,0,0
3,1,21.711,1200,0,0,,,,,,3,1,23.653,0,0,0
3,1,22.211,0,0,0,,,,,,3,1,24.593,1200,0,450
3,1,22.322,1200,0,0,,,,,,3,1,25.38,750,0,450
3,1,22.822,0,0,0,,,,,,3,1,25.913,750,0,0
3,1,23.322,0,0,0,,,,,,3,2,0.606,1200,0,450
3,1,23.58,1200,0,0,,,,,,3,2,1.409,0,0,0
3,1,24.08,0,0,0,,,,,,3,3,0.227,0,0,0
3,1,24.58,0,0,0,,,,,,3,3,0.842,1200,0,0
3,1,25.08,0,0,0,,,,,,3,3,1.351,1850,0,1100
3,1,25.58,0,0,0,,,,,,3,3,1.643,1850,0,1400
3,2,0.08,0,0,0,,,,,,3,3,2.263,0,0,0
3,2,0.533,0,0,0,,,,,,3,3,2.396,0,0,0
3,2,1.409,1200,0,450,,,,,,3,3,2.844,0,0,0
3,3,0.174,0,0,0,,,,,,3,3,3.702,0,0,0
3,3,1.198,750,0,0,,,,,,3,3,4.425,0,0,0
3,3,1.674,750,0,0,,,,,,3,3,4.933,0,0,0
3,3,2.204,0,0,0,,,,,,3,3,5.433,0,0,0
3,3,2.704,0,0,0,,,,,,3,4,0.224,0,0,0
3,3,3.204,0,0,0,,,,,,3,4,1.405,0,0,0
3,3,3.471,1200,0,1650,,,,,,3,4,2.035,0,0,0
3,3,3.971,0,0,0,,,,,,3,5,0.305,0,0,0
3,3,4.471,0,0,0,,,,,,3,5,1.095,750,0,450
3,3,4.604,0,0,0,,,,,,3,5,1.476,750,0,1850
3,3,5.104,0,0,0,,,,,,3,5,1.976,0,0,0
3,4,0.085,0,0,0,,,,,,3,5,2.476,0,0,0
3,4,0.765,0,0,0,,,,,,3,5,2.976,0,0,0
3,4,1.265,0,0,0,,,,,,3,5,3.476,0,0,0
3,4,1.765,0,0,0,,,,,,3,5,3.976,0,0,0
3,4,2.265,0,0,0,,,,,,3,5,4.476,0,0,0
3,4,2.644,0,0,0,,,,,,3,5,4.976,0,0,0
3,5,0.256,0,0,0,,,,,,3,6,0.095,0,0,0
3,5,0.696,750,0,450,,,,,,3,7,0.095,0,0,0
3,5,1.174,750,0,0,,,,,,4,0,0,750,310,0
3,5,1.674,0,0,0,,,,,,4,0,0.638,1200,0,450
3,5,2.174,0,0,0,,,,,,4,0,1.885,1850,0,650
3,5,2.674,0,0,0,,,,,,4,0,3,1850,89,0
3,5,3.174,0,0,0,,,,,,4,0,3.678,1850,0,0
3,5,3.596,750,0,1200,,,,,,4,0,5,750,1174,1100
3,5,4.096,0,0,0,,,,,,4,0,6,750,61,0
3,5,4.596,0,0,0,,,,,,4,0,7,750,583,0
3,5,5.096,0,0,0,,,,,,4,0,8,750,940,0
3,6,0.215,0,0,0,,,,,,4,0,9,750,693,0
3,7,0.215,0,0,0,,,,,,4,0,9.656,750,0,0
4,0,0,750,310,0,,,,,,4,0,10.487,750,0,0
4,0,1,1850,67,1100,,,,,,4,0,11.978,750,0,0
4,0,2,1850,593,0,,,,,,4,0,12.931,750,0,0
4,0,2.795,1200,0,650,,,,,,4,0,13.762,1200,0,450
4,0,3.175,1200,0,0,,,,,,4,0,14.464,750,0,450
4,0,5,750,689,450,,,,,,4,0,15.201,750,0,0
4,0,6,750,64,0,,,,,,4,0,15.52,1850,0,0
4,0,7,750,629,0,,,,,,4,0,15.809,1850,0,0
4,0,8,750,939,0,,,,,,4,0,16.386,750,0,1100
4,0,9,750,629,0,,,,,,4,1,0.636,750,0,0
4,0,9.648,750,0,0,,,,,,4,1,1.494,750,0,0
4,0,10.497,750,0,0,,,,,,4,1,2.069,750,0,0
4,0,11.986,750,0,0,,,,,,4,1,3.302,1200,0,450
4,0,13,1200,548,450,,,,,,4,1,4.326,750,0,450
4,0,13.563,1200,0,0,,,,,,4,1,5.036,750,0,0
4,0,14.27,750,0,450,,,,,,4,1,5.813,1200,0,450
4,0,15.073,750,0,0,,,,,,4,1,6.584,1200,0,0
4,0,15.294,1200,0,0,,,,,,4,1,7.704,1200,0,0
4,0,15.506,1200,0,0,,,,,,4,1,8.368,750,0,450
4,0,15.965,750,0,450,,,,,,4,1,9.194,1850,0,1100
4,0,16.43,750,0,0,,,,,,4,1,9.344,1850,0,0
4,0,16.865,750,0,0,,,,,,4,1,9.873,750,0,450
4,1,0.258,0,0,0,,,,,,4,1,10.516,0,0,0
4,1,1.311,750,0,0,,,,,,4,1,10.674,1850,0,0
4,1,2.301,750,0,0,,,,,,4,1,11.678,0,0,0
4,1,3.245,750,0,0,,,,,,4,1,13.303,750,0,1100
4,1,4.373,750,0,0,,,,,,4,1,14.783,750,0,0
4,1,5.126,750,0,0,,,,,,4,1,16.106,750,0,0
4,1,6.138,1200,0,450,,,,,,4,1,17.438,750,0,0
4,1,7.25,1200,0,0,,,,,,4,1,18.316,750,0,0
4,1,7.966,1200,0,450,,,,,,4,1,18.926,750,0,0
4,1,8.672,1200,0,0,,,,,,4,1,19.914,1850,0,1100
4,1,9.521,1200,0,0,,,,,,4,1,20.023,1850,0,0
4,1,10.156,750,0,450,,,,,,4,1,20.156,1850,0,0
4,1,11.128,1200,0,450,,,,,,4,1,20.271,1850,0,0
4,1,11.254,1200,0,0,,,,,,4,1,20.632,750,0,0
4,1,11.943,750,0,450,,,,,,4,1,21.497,1200,0,450
4,1,12.491,1200,0,0,,,,,,4,1,21.812,1850,0,0
4,1,12.611,1200,0,0,,,,,,4,1,22.44,1200,0,0
4,1,13.155,750,0,450,,,,,,4,1,23.271,1200,0,0
4,1,15,750,58,450,,,,,,4,1,23.935,1850,0,0
4,1,16,750,703,0,,,,,,4,1,24.96,1850,0,0
4,1,17,750,237,0,,,,,,4,1,25.639,1850,0,0
4,1,18,750,80,0,,,,,,4,2,1.401,0,0,0
4,1,18.68,750,0,0,,,,,,4,3,0.09,0,0,0
4,1,19.537,750,0,0,,,,,,4,3,1.029,1200,0,0
4,1,20.029,1200,0,450,,,,,,4,3,1.371,1850,0,2500
4,1,20.127,1200,0,0,,,,,,4,3,2.62,1850,0,0
4,1,20.515,750,0,0,,,,,,4,3,2.857,0,0,0
4,1,20.912,1200,0,450,,,,,,4,3,3.662,750,0,1100
4,1,21.637,1200,0,0,,,,,,4,3,4.521,0,0,0
4,1,21.75,1200,0,0,,,,,,4,3,5.48,0,0,0
4,1,22.317,1200,0,0,,,,,,4,4,0.638,0,0,0
4,1,22.416,1200,0,0,,,,,,4,4,1.181,0,0,0
4,1,22.916,0,0,0,,,,,,4,4,2.085,0,0,0
4,1,23.416,0,0,0,,,,,,4,5,1.134,0,0,0
4,1,23.63,1200,0,0,,,,,,4,5,1.721,750,0,0
4,1,24.13,0,0,0,,,,,,4,5,2.303,750,0,0
4,1,24.63,0,0,0,,,,,,4,5,3.376,1200,0,450
4,1,25.13,0,0,0,,,,,,4,5,4.197,750,0,450
4,1,25.63,0,0,0,,,,,,4,5,5.175,1850,0,1100
4,2,0.13,0,0,0,,,,,,4,6,0.118,0,0,0
4,2,0.538,0,0,0,,,,,,4,7,0.118,0,0,0
4,2,1.053,1200,0,450,,,,,,5,0,0,750,423,0
4,2,1.432,0,0,0,,,,,,5,0,0.907,1200,0,450
4,3,0.01,0,0,0,,,,,,5,0,1.879,1200,0,0
4,3,1.144,1200,0,450,,,,,,5,0,2.685,1850,0,650
4,3,2.078,1200,0,0,,,,,,5,0,3.302,1850,0,0
4,3,2.578,0,0,0,,,,,,5,0,4.414,750,0,1100
4,3,3.078,0,0,0,,,,,,5,0,6,1200,158,450
4,3,3.316,1200,0,1200,,,,,,5,0,7,750,627,450
4,3,3.816,0,0,0,,,,,,5,0,8,750,636,0
4,3,4.316,0,0,0,,,,,,5,0,9,750,405,0
4,3,4.441,0,0,0,,,,,,5,0,10,750,108,0
4,3,4.941,0,0,0,,,,,,5,0,11,750,396,0
4,3,5.441,0,0,0,,,,,,5,0,12,750,411,0
4,4,0.703,0,0,0,,,,,,5,0,12.613,750,0,0
4,4,1.402,0,0,0,,,,,,5,0,13.634,1850,0,1100
4,4,1.902,0,0,0,,,,,,5,0,14.339,750,0,1100
4,4,2.402,0,0,0,,,,,,5,0,14.886,750,0,0
4,5,0.213,0,0,0,,,,,,5,0,15.13,1850,0,0
4,5,1.118,750,0,450,,,,,,5,0,15.361,1850,0,0
4,5,1.855,750,0,0,,,,,,5,0,15.952,1200,0,650
4,5,2.355,0,0,0,,,,,,5,1,1.11,750,0,450
4,5,2.855,0,0,0,,,,,,5,1,2.197,750,0,0
4,5,3.355,0,0,0,,,,,,5,1,2.869,750,0,0
4,5,3.99,750,0,1200,,,,,,5,1,3.624,1200,0,450
4,5,4.49,0,0,0,,,,,,5,1,4.672,1200,0,0
4,5,4.99,0,0,0,,,,,,5,1,5.398,1200,0,0
4,6,0.109,0,0,0,,,,,,5,1,6.226,1850,0,650
4,7,0.109,0,0,0,,,,,,5,1,6.778,1850,0,0
5,0,0,750,423,0,,,,,,5,1,7.378,1850,0,0
5,0,0.907,1200,0,450,,,,,,5,1,8.378,1850,0,0
5,0,1.879,1200,0,0,,,,,,5,1,9.174,1850,0,0
5,0,2.471,1200,0,0,,,,,,5,1,9.342,1850,0,0
5,0,2.843,1200,0,0,,,,,,5,1,9.71,750,0,1100
5,0,4.265,750,0,450,,,,,,5,1,10.28,0,0,0
5,0,4.611,750,0,0,,,,,,5,1,10.4,1850,0,0
5,0,4.762,1200,0,0,,,,,,5,1,10.767,0,0,0
5,0,5.027,1200,0,0,,,,,,5,1,11.605,1850,0,1100
5,0,6.841,750,0,0,,,,,,5,1,12.537,750,0,1100
5,0,8,750,330,0,,,,,,5,1,13.595,750,0,0
5,0,9,750,495,0,,,,,,5,1,14.265,750,0,0
5,0,10,750,5,0,,,,,,5,1,15.031,1200,0,450
5,0,11,750,406,0,,,,,,5,1,16.431,1850,0,650
5,0,12,750,493,0,,,,,,5,1,17.295,1200,0,650
5,0,13,1200,176,450,,,,,,5,1,17.754,1850,0,650
5,0,13.554,1200,0,0,,,,,,5,1,18.194,1850,0,0
5,0,14.38,750,0,450,,,,,,5,1,18.287,1850,0,0
5,0,15.237,750,0,0,,,,,,5,1,18.562,750,0,1100
5,0,15.893,1200,0,0,,,,,,5,1,19.488,1850,0,1100
5,0,16.438,750,0,0,,,,,,5,1,19.613,1850,0,0
5,0,16.931,750,0,0,,,,,,5,1,19.936,750,0,1100
5,1,0.517,0,0,0,,,,,,5,1,21.061,1200,0,450
5,1,2.69,750,0,450,,,,,,5,1,21.168,1850,0,0
5,1,3.65,750,0,0,,,,,,5,1,21.469,1850,0,0
5,1,4.235,750,0,0,,,,,,5,1,22.282,1850,0,650
5,1,4.749,750,0,0,,,,,,5,1,22.91,0,0,0
5,1,5.386,750,0,0,,,,,,5,1,23.742,1850,0,0
5,1,6.201,1200,0,450,,,,,,5,1,24.4,1200,0,650
5,1,6.846,1200,0,0,,,,,,5,1,25.407,1850,0,650
5,1,7.284,1200,0,450,,,,,,5,2,0.031,1200,0,650
5,1,7.648,1200,0,0,,,,,,5,2,1.283,0,0,0
5,1,8.072,1200,0,0,,,,,,5,2,1.668,0,0,0
5,1,8.479,1200,0,0,,,,,,5,3,0.077,1850,0,1100
5,1,9.05,1200,0,0,,,,,,5,3,0.705,1850,0,0
5,1,9.718,1200,0,0,,,,,,5,3,1.618,0,0,0
5,1,10.587,1200,0,0,,,,,,5,3,2.05,1850,0,750
5,1,10.966,1200,0,0,,,,,,5,3,2.208,0,0,0
5,1,11.502,1200,0,0,,,,,,5,3,2.6,0,0,0
5,1,11.609,1200,0,0,,,,,,5,3,3.897,0,0,0
5,1,12.033,1200,0,0,,,,,,5,3,4.371,0,0,0
5,1,12.161,1200,0,0,,,,,,5,3,5.177,0,0,0
5,1,12.892,1200,0,0,,,,,,5,4,0.454,0,0,0
5,1,13.413,1200,0,0,,,,,,5,4,1.655,0,0,0
5,1,14.271,750,0,450,,,,,,5,4,2.178,0,0,0
5,1,15.411,750,0,0,,,,,,5,5,0.264,0,0,0
5,1,15.989,750,0,0,,,,,,5,5,1.124,1850,0,650
5,1,16.489,0,0,0,,,,,,5,5,1.849,1850,0,1850
5,1,16.988,750,0,0,,,,,,5,5,2.349,0,0,0
5,1,17.488,0,0,0,,,,,,5,5,2.849,0,0,0
5,1,18.232,750,0,0,,,,,,5,5,3.349,0,0,0
5,1,18.65,750,0,0,,,,,,5,5,3.849,0,0,0
5,1,19.15,0,0,0,,,,,,5,5,4.349,0,0,0
5,1,19.634,1200,0,450,,,,,,5,5,4.849,0,0,0
5,1,20.134,0,0,0,,,,,,5,5,5.349,0,0,0
5,1,20.236,1200,0,0,,,,,,5,7,5.349,0,0,0
5,1,20.736,0,0,0,,,,,,6,0,0,750,601,0
5,1,21.236,0,0,0,,,,,,6,0,0.376,750,0,0
5,1,21.356,1200,0,0,,,,,,6,0,1.361,1200,0,450
5,1,21.856,0,0,0,,,,,,6,0,2.743,1850,0,650
5,1,22.356,0,0,0,,,,,,6,0,3.337,1850,0,0
5,1,22.461,1200,0,0,,,,,,6,0,4.987,750,0,1100
5,1,22.961,0,0,0,,,,,,6,0,5.487,750,0,0
5,1,23.461,0,0,0,,,,,,6,0,6.326,750,0,0
5,1,23.703,1200,0,0,,,,,,6,0,7.114,750,0,0
5,1,24.203,0,0,0,,,,,,6,0,8.386,750,0,0
5,1,24.703,0,0,0,,,,,,6,0,8.856,750,0,0
5,1,25.203,0,0,0,,,,,,6,0,10.024,1200,0,450
5,1,25.703,0,0,0,,,,,,6,0,10.579,750,0,450
5,2,0.203,0,0,0,,,,,,6,0,11.225,1850,0,1100
5,2,0.608,0,0,0,,,,,,6,0,11.833,1850,0,0
5,2,0.819,750,0,0,,,,,,6,0,12.601,1200,0,650
5,2,1.078,0,0,0,,,,,,6,0,13.371,1200,0,0
5,2,1.427,0,0,0,,,,,,6,0,13.629,1850,0,0
5,3,0.003,0,0,0,,,,,,6,0,13.875,1850,0,0
5,3,0.308,750,0,450,,,,,,6,0,14.198,750,0,1100
5,3,0.682,1200,0,450,,,,,,6,0,15.323,750,0,0
5,3,1.182,0,0,0,,,,,,6,0,16.192,1850,0,0
5,3,1.682,0,0,0,,,,,,6,0,16.882,1850,0,0
5,3,2.182,0,0,0,,,,,,6,1,0.903,0,0,0
5,3,2.682,0,0,0,,,,,,6,1,2.075,750,0,0
5,3,3.182,0,0,0,,,,,,6,1,2.963,750,0,0
5,3,3.369,1200,0,1200,,,,,,6,1,3.504,750,0,0
5,3,3.869,0,0,0,,,,,,6,1,4.552,1200,0,450
5,3,4.369,0,0,0,,,,,,6,1,5.222,1200,0,0
5,3,4.479,0,0,0,,,,,,6,1,6.133,1850,0,650
5,3,4.979,0,0,0,,,,,,6,1,7.16,1850,0,0
5,3,5.479,0,0,0,,,,,,6,1,7.897,1200,0,650
5,4,0.317,0,0,0,,,,,,6,1,8.735,0,0,0
5,4,0.856,0,0,0,,,,,,6,1,9.343,1850,0,650
5,4,1.356,0,0,0,,,,,,6,1,9.466,1850,0,0
5,4,1.856,0,0,0,,,,,,6,1,9.759,750,0,1100
5,4,2.356,0,0,0,,,,,,6,1,10.469,1850,0,1100
5,4,2.858,0,0,0,,,,,,6,1,10.586,1850,0,0
5,5,0.47,0,0,0,,,,,,6,1,10.957,750,0,1100
5,5,1.331,750,0,450,,,,,,6,1,12.596,1200,0,450
5,5,1.763,750,0,0,,,,,,6,1,14.659,750,0,1100
5,5,2.263,0,0,0,,,,,,6,1,16,750,1009,0
5,5,2.763,0,0,0,,,,,,6,1,17,750,544,0
5,5,3.263,0,0,0,,,,,,6,1,18,750,109,0
5,5,3.715,750,0,750,,,,,,6,1,18.956,750,0,0
5,5,4.215,0,0,0,,,,,,6,1,20,750,91,0
5,5,4.715,0,0,0,,,,,,6,1,20.817,1200,0,450
5,5,5.215,0,0,0,,,,,,6,1,20.939,1850,0,650
5,6,0.334,0,0,0,,,,,,6,1,21.093,1850,0,0
5,7,0.334,0,0,0,,,,,,6,1,21.22,1850,0,0
6,0,0,750,601,0,,,,,,6,1,21.551,1200,0,650
6,0,0.376,750,0,0,,,,,,6,1,22.348,1200,0,650
6,0,1,750,0,0,,,,,,6,1,23.191,750,0,450
6,0,1.818,1200,0,450,,,,,,6,1,24.246,750,0,0
6,0,2.494,1200,0,0,,,,,,6,1,25.926,0,0,0
6,0,4.227,750,0,450,,,,,,6,2,0.742,750,0,0
6,0,5.086,750,0,0,,,,,,6,2,1.868,0,0,0
6,0,5.851,750,0,0,,,,,,6,3,1.127,0,0,0
6,0,6.02,1200,0,0,,,,,,6,3,2.343,750,0,450
6,0,6.64,750,0,0,,,,,,6,3,3.167,1850,0,2300
6,0,6.77,1200,0,0,,,,,,6,3,3.469,0,0,0
6,0,7.414,1200,0,0,,,,,,6,3,4.271,0,0,0
6,0,8.66,750,0,0,,,,,,6,3,5.232,0,0,0
6,0,9.162,750,0,0,,,,,,6,4,0.132,0,0,0
6,0,10.031,750,0,0,,,,,,6,4,0.713,0,0,0
6,0,10.682,750,0,0,,,,,,6,4,1.716,1850,0,1100
6,0,11.075,1200,0,0,,,,,,6,4,2.798,0,0,0
6,0,11.504,1200,0,450,,,,,,6,5,0.545,0,0,0
6,0,12.42,1200,0,0,,,,,,6,5,0.996,1200,0,650
6,0,12.757,1200,0,0,,,,,,6,5,1.586,1850,0,650
6,0,13.62,0,0,0,,,,,,6,5,2.692,1850,0,0
6,0,14.367,1200,0,0,,,,,,6,5,3.422,1200,0,650
6,0,14.874,1200,0,0,,,,,,6,5,4.157,1850,0,650
6,0,15.309,1200,0,0,,,,,,6,5,4.679,0,0,0
6,0,16.097,1200,0,0,,,,,,6,7,4.679,0,0,0
6,0,16.686,1200,0,0,,,,,,7,0,0,750,675,0
6,1,0.071,1200,0,0,,,,,,7,0,0.715,750,0,0
6,1,1.17,750,0,450,,,,,,7,0,1.842,750,0,0
6,1,2.339,750,0,0,,,,,,7,0,2.367,750,0,0
6,1,3.168,750,0,0,,,,,,7,0,3,1850,0,1100
6,1,3.77,750,0,0,,,,,,7,0,5,750,480,1100
6,1,4.362,750,0,0,,,,,,7,0,6,750,117,0
6,1,5.176,1200,0,450,,,,,,7,0,7,750,335,0
6,1,5.746,1200,0,0,,,,,,7,0,8,750,491,0
6,1,6.394,1200,0,0,,,,,,7,0,9,750,251,0
6,1,7.124,1200,0,0,,,,,,7,0,9.965,750,0,0
6,1,7.654,1200,0,0,,,,,,7,0,11,750,228,0
6,1,8.338,1200,0,0,,,,,,7,0,12,750,150,0
6,1,9.154,1200,0,0,,,,,,7,0,13,1200,81,450
6,1,9.852,1200,0,0,,,,,,7,0,13.754,1850,0,650
6,1,10.441,1200,0,0,,,,,,7,0,14.449,750,0,1100
6,1,10.823,1200,0,0,,,,,,7,0,15.308,750,0,0
6,1,11.323,0,0,0,,,,,,7,0,15.571,1850,0,0
6,1,11.428,1200,0,0,,,,,,7,0,15.903,1850,0,0
6,1,11.928,0,0,0,,,,,,7,0,16.557,750,0,1100
6,1,12.428,0,0,0,,,,,,7,1,2.105,750,0,0
6,1,12.534,1200,0,0,,,,,,7,1,3.987,750,0,0
6,1,13.034,0,0,0,,,,,,7,1,5,750,330,0
6,1,15,750,20,450,,,,,,7,1,6,750,516,0
6,1,16,750,654,0,,,,,,7,1,7,750,75,0
6,1,17,750,1034,0,,,,,,7,1,8,750,126,0
6,1,18,750,422,0,,,,,,7,1,8.696,750,0,0
6,1,19,750,56,0,,,,,,7,1,9.253,750,0,0
6,1,19.753,750,0,0,,,,,,7,1,10.265,750,0,0
6,1,20.404,1200,0,450,,,,,,7,1,11.194,1200,0,450
6,1,20.518,1200,0,0,,,,,,7,1,11.359,1850,0,650
6,1,21.018,0,0,0,,,,,,7,1,11.528,1850,0,0
6,1,21.162,1200,0,0,,,,,,7,1,14.425,750,0,1100
6,1,21.662,0,0,0,,,,,,7,1,15.763,750,0,0
6,1,22.162,0,0,0,,,,,,7,1,16.919,750,0,0
6,1,22.282,1200,0,0,,,,,,7,1,17.702,750,0,0
6,1,22.782,0,0,0,,,,,,7,1,18.202,1200,0,450
6,1,23.282,0,0,0,,,,,,7,1,19.676,1850,0,650
6,1,23.649,1200,0,0,,,,,,7,1,20.387,1850,0,0
6,1,24.149,0,0,0,,,,,,7,1,20.534,1850,0,0
6,1,24.649,0,0,0,,,,,,7,1,20.735,1850,0,0
6,1,25.149,0,0,0,,,,,,7,1,20.894,1850,0,0
6,1,25.649,0,0,0,,,,,,7,1,21.3,750,0,0
6,2,0.149,0,0,0,,,,,,7,1,21.6,1850,0,0
6,2,0.882,0,0,0,,,,,,7,1,23.049,1850,0,1100
6,2,1.405,750,0,0,,,,,,7,1,23.454,0,0,0
6,3,0.16,0,0,0,,,,,,7,1,24.827,0,0,0
6,3,0.956,750,0,450,,,,,,7,1,25.823,1200,0,650
6,3,1.682,750,0,0,,,,,,7,2,0.335,750,0,450
6,3,2.776,0,0,0,,,,,,7,2,1.63,0,0,0
6,3,3.276,0,0,0,,,,,,7,3,0.395,0,0,0
6,3,3.739,1200,0,1650,,,,,,7,3,1.231,750,0,0
6,3,4.239,0,0,0,,,,,,7,3,2.047,750,0,0
6,3,4.458,0,0,0,,,,,,7,3,3.283,750,0,0
6,3,4.958,0,0,0,,,,,,7,3,4.122,1850,0,1100
6,3,5.458,0,0,0,,,,,,7,3,4.369,0,0,0
6,4,1.652,0,0,0,,,,,,7,4,0,0,643,0
6,5,0.499,0,0,0,,,,,,7,4,0,750,709,1100
6,5,1.691,750,0,450,,,,,,7,4,0.735,750,0,0
6,5,3.023,750,0,0,,,,,,7,4,2,750,63,0
6,5,4.261,750,0,750,,,,,,7,5,0,0,968,0
6,5,4.761,0,0,0,,,,,,7,5,0,750,900,0
6,5,5.261,0,0,0,,,,,,7,5,1,750,331,0
6,6,0.38,0,0,0,,,,,,7,5,1.937,750,0,0
6,7,0.38,0,0,0,,,,,,7,5,2.647,750,0,0
7,0,0,750,675,0,,,,,,7,5,4,750,1,0
7,0,0.715,750,0,0,,,,,,7,5,5,750,328,0
7,0,1.842,750,0,0,,,,,,7,6,0,750,150,0
7,0,2.638,1200,0,450,,,,,,7,7,0,0,0,0
7,0,3.024,1200,0,0,,,,,,8,0,0,750,643,0
7,0,5,750,517,450,,,,,,8,0,0.572,750,0,0
7,0,6,750,106,0,,,,,,8,0,1.09,750,0,0
7,0,7,750,335,0,,,,,,8,0,1.72,1850,0,1100
7,0,8,750,498,0,,,,,,8,0,2.163,1850,0,0
7,0,9,750,242,0,,,,,,8,0,3.251,750,0,1100
7,0,10,750,11,0,,,,,,8,0,3.896,1200,0,450
7,0,11,750,219,0,,,,,,8,0,4.882,1200,0,0
7,0,12,750,166,0,,,,,,8,0,5.735,1200,0,0
7,0,13,1200,69,450,,,,,,8,0,6.342,1200,0,0
7,0,13.519,1200,0,0,,,,,,8,0,7.108,1850,0,650
7,0,14.175,750,0,450,,,,,,8,0,8.418,1200,0,650
7,0,15.056,750,0,0,,,,,,8,0,8.837,750,0,450
7,0,15.254,1200,0,0,,,,,,8,0,8.981,1850,0,0
7,0,15.445,1200,0,0,,,,,,8,0,9.125,1850,0,0
7,0,16.197,750,0,450,,,,,,8,0,9.503,1200,0,450
7,0,16.779,750,0,0,,,,,,8,0,10.275,1850,0,0
7,1,0.599,750,0,0,,,,,,8,0,10.718,1850,0,650
7,1,3,750,252,0,,,,,,8,0,12.312,750,0,1100
7,1,4,750,840,0,,,,,,8,0,13.126,1200,0,650
7,1,5,750,559,0,,,,,,8,0,13.959,1200,0,0
7,1,6,750,57,0,,,,,,8,0,14.65,1200,0,0
7,1,7,750,447,0,,,,,,8,0,15.636,1200,0,0
7,1,7.781,750,0,0,,,,,,8,0,16.454,0,0,0
7,1,8.296,750,0,0,,,,,,8,1,0.002,0,0,0
7,1,9.308,750,0,0,,,,,,8,1,0.819,750,0,0
7,1,10.287,750,0,0,,,,,,8,1,1.358,1850,0,650
7,1,11.115,1200,0,450,,,,,,8,1,2.8,1200,0,450
7,1,11.284,1200,0,0,,,,,,8,1,3.335,750,0,450
7,1,12.301,0,0,0,,,,,,8,1,4.559,1200,0,450
7,1,12.457,1200,0,0,,,,,,8,1,5.709,1200,0,0
7,1,13.117,750,0,0,,,,,,8,1,6.451,1200,0,0
7,1,14.947,750,0,450,,,,,,8,1,7.122,1200,0,0
7,1,16,750,375,0,,,,,,8,1,7.846,1200,0,0
7,1,16.564,750,0,0,,,,,,8,1,9.19,1850,0,0
7,1,17.033,750,0,0,,,,,,8,1,9.867,1200,0,0
7,1,17.507,750,0,0,,,,,,8,1,10.034,1850,0,650
7,1,18.227,1200,0,450,,,,,,8,1,10.205,1850,0,0
7,1,19.132,1200,0,450,,,,,,8,1,11.427,750,0,1100
7,1,19.835,1200,0,0,,,,,,8,1,13.034,750,0,1100
7,1,20.93,1200,0,0,,,,,,8,1,14.055,750,0,0
7,1,21.061,1200,0,0,,,,,,8,1,14.746,750,0,0
7,1,21.237,1200,0,0,,,,,,8,1,15.746,750,0,0
7,1,21.789,1200,0,0,,,,,,8,1,16.276,750,0,0
7,1,22.333,1200,0,0,,,,,,8,1,17.357,1200,0,450
7,1,22.431,1200,0,0,,,,,,8,1,18.818,1850,0,650
7,1,23.494,1200,0,0,,,,,,8,1,18.933,1850,0,0
7,1,23.959,1200,0,0,,,,,,8,1,19.525,750,0,0
7,1,24.849,1200,0,0,,,,,,8,1,19.653,1850,0,0
7,1,25.442,750,0,450,,,,,,8,1,20.166,750,0,1100
7,2,0.583,750,0,0,,,,,,8,1,20.33,1850,0,0
7,2,1.227,0,0,0,,,,,,8,1,20.88,750,0,0
7,2,1.881,1200,0,450,,,,,,8,1,22.729,1200,0,450
7,3,0.768,0,0,0,,,,,,8,1,23.261,1850,0,0
7,3,2.23,750,0,450,,,,,,8,1,24.03,0,0,0
7,3,3.392,750,0,0,,,,,,8,1,24.625,1200,0,0
7,3,4.002,1200,0,1650,,,,,,8,1,25.951,1200,0,0
7,3,4.247,0,0,0,,,,,,8,2,0.818,750,0,450
7,4,0.186,0,0,0,,,,,,8,2,1.281,0,0,0
7,4,1.153,0,0,0,,,,,,8,3,0.312,0,0,0
7,4,1.653,0,0,0,,,,,,8,3,1.354,1200,0,450
7,4,2.153,0,0,0,,,,,,8,3,1.691,1850,0,1400
7,5,0.738,0,0,0,,,,,,8,3,2.444,1200,0,450
7,5,2.192,750,0,0,,,,,,8,3,2.619,0,0,0
7,5,3.66,750,0,0,,,,,,8,3,3.194,1200,0,450
7,5,4.965,750,0,1200,,,,,,8,3,3.859,0,0,0
7,6,0.084,0,0,0,,,,,,8,3,4.56,0,0,0
7,7,0.084,0,0,0,,,,,,8,4,0.412,0,0,0
8,0,0,750,643,0,,,,,,8,4,1.565,0,0,0
8,0,0.572,750,0,0,,,,,,8,4,2.416,0,0,0
8,0,1.09,750,0,0,,,,,,8,4,2.867,0,0,0
8,0,1.57,1200,0,450,,,,,,8,5,0.967,0,0,0
8,0,1.856,1200,0,0,,,,,,8,5,2.084,1200,0,0
8,0,3.05,750,0,450,,,,,,8,5,2.698,750,0,1650
8,0,3.176,1200,0,0,,,,,,8,5,3.304,0,0,0
8,0,3.299,1200,0,0,,,,,,8,5,3.804,0,0,0
8,0,3.657,1200,0,0,,,,,,8,5,4.304,0,0,0
8,0,4.062,1200,0,0,,,,,,8,5,4.804,0,0,0
8,0,4.555,750,0,0,,,,,,8,5,5.304,0,0,0
8,0,5.346,1850,0,650,,,,,,8,7,5.304,0,0,0
8,0,6.631,1850,0,1100,,,,,,9,0,0,750,721,0
8,0,8,1850,549,0,,,,,,9,0,0.733,750,0,0
8,0,9,1850,32,0,,,,,,9,0,1.58,750,0,0
8,0,10,1850,247,0,,,,,,9,0,2.213,1200,0,450
8,0,11,1850,894,0,,,,,,9,0,2.806,1850,0,650
8,0,12,1850,1179,0,,,,,,9,0,4.628,750,0,1100
8,0,13,1850,368,0,,,,,,9,0,5.646,750,0,0
8,0,13.499,1850,0,0,,,,,,9,0,7,750,159,0
8,0,14.311,1850,0,0,,,,,,9,0,8,750,400,0
8,0,15.174,1850,0,0,,,,,,9,0,8.642,750,0,0
8,0,16.303,0,0,0,,,,,,9,0,9.403,1200,0,450
8,1,0.24,1850,0,0,,,,,,9,0,10.261,1200,0,0
8,1,3,1850,595,650,,,,,,9,0,10.746,750,0,450
8,1,4,1850,3151,0,,,,,,9,0,11.908,1850,0,1100
8,1,5,1850,809,0,,,,,,9,0,12.543,1850,0,0
8,1,6,1850,359,0,,,,,,9,0,13.045,1200,0,650
8,1,7,1850,426,0,,,,,,9,0,14.085,1850,0,650
8,1,8,1850,967,0,,,,,,9,0,14.264,1850,0,0
8,1,9,1850,266,0,,,,,,9,0,14.436,1850,0,0
8,1,10,1850,1106,0,,,,,,9,0,14.932,1200,0,650
8,1,11,1850,456,0,,,,,,9,0,16.43,750,0,450
8,1,11.901,1850,0,0,,,,,,9,1,0.343,1200,0,0
8,1,12.084,1850,0,0,,,,,,9,1,1.236,750,0,0
8,1,12.271,1850,0,0,,,,,,9,1,2.005,750,0,0
8,1,13.502,1200,0,650,,,,,,9,1,3.006,750,0,0
8,1,15,750,346,1100,,,,,,9,1,3.558,750,0,0
8,1,16,750,421,0,,,,,,9,1,4.961,1850,0,650
8,1,17,750,185,0,,,,,,9,1,5.563,750,0,0
8,1,17.738,750,0,0,,,,,,9,1,6.216,1200,0,450
8,1,18.498,750,0,0,,,,,,9,1,7.06,1200,0,0
8,1,19.468,750,0,0,,,,,,9,1,7.908,1200,0,0
8,1,20.299,1200,0,450,,,,,,9,1,8.831,0,0,0
8,1,20.412,1200,0,0,,,,,,9,1,9.882,1850,0,650
8,1,21.272,750,0,450,,,,,,9,1,10.036,1850,0,0
8,1,21.421,1200,0,0,,,,,,9,1,10.193,1850,0,0
8,1,22.04,1200,0,0,,,,,,9,1,10.716,0,0,0
8,1,22.141,1200,0,0,,,,,,9,1,11.183,1200,0,650
8,1,22.574,750,0,450,,,,,,9,1,13.047,750,0,1100
8,1,23.189,750,0,0,,,,,,9,1,14.217,750,0,0
8,1,23.431,1200,0,0,,,,,,9,1,15.36,750,0,0
8,1,24.309,1200,0,450,,,,,,9,1,16.252,750,0,0
8,1,24.757,750,0,450,,,,,,9,1,16.974,750,0,0
8,1,25.618,1200,0,450,,,,,,9,1,17.84,750,0,0
8,2,0.118,0,0,0,,,,,,9,1,18.436,1200,0,450
8,2,0.756,0,0,0,,,,,,9,1,18.553,1850,0,650
8,2,1.444,1200,0,450,,,,,,9,1,18.998,750,0,450
8,3,0.179,0,0,0,,,,,,9,1,19.494,750,0,0
8,3,1.539,750,0,0,,,,,,9,1,19.62,1850,0,0
8,3,2.277,750,0,0,,,,,,9,1,20.151,750,0,0
8,3,3.273,0,0,0,,,,,,9,1,20.284,1850,0,0
8,3,3.843,1200,0,1650,,,,,,9,1,20.765,750,0,1100
8,3,4.343,0,0,0,,,,,,9,1,21.515,750,0,0
8,3,4.574,0,0,0,,,,,,9,1,22.065,1850,0,0
8,3,5.074,0,0,0,,,,,,9,1,22.62,750,0,0
8,4,0.974,0,0,0,,,,,,9,1,23.235,0,0,0
8,4,2.638,0,0,0,,,,,,9,1,24.053,1850,0,1100
8,5,0.449,0,0,0,,,,,,9,1,25.006,1200,0,650
8,5,1.473,750,0,450,,,,,,9,1,25.781,1200,0,0
8,5,2.222,750,0,0,,,,,,9,2,0.524,1200,0,0
8,5,2.722,0,0,0,,,,,,9,2,1.548,0,0,0
8,5,3.222,0,0,0,,,,,,9,3,0.356,0,0,0
8,5,4.302,750,0,1200,,,,,,9,3,1.154,1200,0,450
8,5,4.802,0,0,0,,,,,,9,3,1.584,1850,0,1400
8,5,5.302,0,0,0,,,,,,9,3,2.133,1850,0,1100
8,7,5.302,0,0,0,,,,,,9,3,2.267,0,0,0
9,0,0,750,721,0,,,,,,9,3,2.885,0,0,0
9,0,0.733,750,0,0,,,,,,9,3,4.36,0,0,0
9,0,1.58,750,0,0,,,,,,9,3,4.948,0,0,0
9,0,2.213,1200,0,450,,,,,,9,4,0.283,0,0,0
9,0,2.588,1200,0,0,,,,,,9,4,0.893,0,0,0
9,0,4.416,750,0,450,,,,,,9,4,1.686,0,0,0
9,0,5.37,750,0,0,,,,,,9,4,2.482,0,0,0
9,0,6.877,750,0,0,,,,,,9,5,0.22,0,0,0
9,0,8,750,362,0,,,,,,9,5,1.312,1850,0,650
9,0,8.726,750,0,0,,,,,,9,5,1.879,1200,0,2500
9,0,9.113,750,0,0,,,,,,9,5,2.379,0,0,0
9,0,9.919,750,0,0,,,,,,9,5,2.879,0,0,0
9,0,10.058,1200,0,0,,,,,,9,5,3.379,0,0,0
9,0,10.615,750,0,0,,,,,,9,5,3.879,0,0,0
9,0,10.74,1200,0,0,,,,,,9,5,4.379,0,0,0
9,0,11.119,1200,0,0,,,,,,9,5,4.879,0,0,0
9,0,11.623,1200,0,450,,,,,,9,5,5.379,0,0,0
9,0,12.588,1200,0,0,,,,,,9,7,5.379,0,0,0
9,0,13.017,1200,0,0,,,,,,10,0,0,750,249,0
9,0,13.504,1200,0,0,,,,,,10,0,0.988,1850,0,1100
9,0,14.209,1200,0,0,,,,,,10,0,2,1850,527,0
9,0,14.821,1200,0,0,,,,,,10,0,3,1850,142,0
9,0,15.588,0,0,0,,,,,,10,0,3.357,1850,0,0
9,0,16.208,1200,0,0,,,,,,10,0,5,750,87,1100
9,0,16.952,1200,0,0,,,,,,10,0,5.309,750,0,0
9,1,1.129,1200,0,0,,,,,,10,0,6.549,1200,0,450
9,1,2.23,750,0,450,,,,,,10,0,7.132,750,0,450
9,1,3.502,750,0,0,,,,,,10,0,7.606,1200,0,450
9,1,4.095,750,0,0,,,,,,10,0,8.582,1850,0,650
9,1,5.103,750,0,0,,,,,,10,0,9.253,1200,0,650
9,1,6.027,750,0,0,,,,,,10,0,10.024,1200,0,0
9,1,6.764,1200,0,450,,,,,,10,0,11.172,1850,0,650
9,1,7.651,1200,0,0,,,,,,10,0,11.502,1850,0,0
9,1,8.212,1200,0,0,,,,,,10,0,12.067,1850,0,0
9,1,8.995,1200,0,0,,,,,,10,0,12.783,1850,0,0
9,1,10.015,1200,0,0,,,,,,10,0,12.955,1850,0,0
9,1,11,1200,24,0,,,,,,10,0,13.14,1850,0,0
9,1,11.396,1200,0,0,,,,,,10,0,13.641,1200,0,650
9,1,11.509,1200,0,0,,,,,,10,0,14.454,750,0,450
9,1,12.588,1200,0,0,,,,,,10,0,15.336,1850,0,0
9,1,12.733,1200,0,0,,,,,,10,0,16.112,1850,0,0
9,1,13.381,1200,0,0,,,,,,10,1,0.208,0,0,0
9,1,14.754,750,0,450,,,,,,10,1,1.64,750,0,0
9,1,16,750,76,0,,,,,,10,1,2.036,750,0,0
9,1,16.991,750,0,0,,,,,,10,1,3.563,1850,0,1100
9,1,18,750,135,0,,,,,,10,1,4.454,1200,0,650
9,1,18.809,750,0,0,,,,,,10,1,5.366,1850,0,650
9,1,19.434,750,0,0,,,,,,10,1,6.079,1850,0,0
9,1,19.886,1200,0,450,,,,,,10,1,6.709,1850,0,0
9,1,20.784,1200,0,0,,,,,,10,1,7.3,0,0,0
9,1,20.9,1200,0,0,,,,,,10,1,8.209,1850,0,0
9,1,21.996,1200,0,0,,,,,,10,1,8.595,1850,0,0
9,1,22.127,1200,0,0,,,,,,10,1,9.296,1850,0,0
9,1,22.239,1200,0,0,,,,,,10,1,9.416,1850,0,0
9,1,22.739,0,0,0,,,,,,10,1,9.728,750,0,1100
9,1,23.239,0,0,0,,,,,,10,1,11.017,1850,0,1100
9,1,23.55,1200,0,0,,,,,,10,1,11.141,1850,0,0
9,1,24.05,0,0,0,,,,,,10,1,12.486,750,0,1100
9,1,24.55,0,0,0,,,,,,10,1,14.235,750,0,0
9,1,25.05,0,0,0,,,,,,10,1,16.101,750,0,0
9,1,25.55,0,0,0,,,,,,10,1,17.427,750,0,0
9,2,0.05,0,0,0,,,,,,10,1,18.006,750,0,0
9,2,0.506,0,0,0,,,,,,10,1,19.15,1200,0,450
9,2,0.935,1200,0,450,,,,,,10,1,19.628,1850,0,650
9,2,1.538,0,0,0,,,,,,10,1,19.725,1850,0,0
9,3,0.399,0,0,0,,,,,,10,1,19.843,1850,0,0
9,3,0.969,750,0,450,,,,,,10,1,20.509,750,0,1100
9,3,1.813,1200,0,450,,,,,,10,1,20.633,1850,0,0
9,3,2.313,0,0,0,,,,,,10,1,21.046,750,0,1100
9,3,2.813,0,0,0,,,,,,10,1,21.475,1850,0,0
9,3,3.313,0,0,0,,,,,,10,1,22.28,1200,0,450
9,3,3.561,1200,0,1200,,,,,,10,1,23.054,1200,0,0
9,3,4.061,0,0,0,,,,,,10,1,23.682,0,0,0
9,3,4.188,0,0,0,,,,,,10,1,24.437,1850,0,650
9,3,4.688,0,0,0,,,,,,10,1,25.904,1850,0,0
9,3,5.188,0,0,0,,,,,,10,2,0.46,1200,0,650
9,4,0.238,0,0,0,,,,,,10,2,1.339,0,0,0
9,4,1.031,0,0,0,,,,,,10,3,0.107,0,0,0
9,4,1.531,0,0,0,,,,,,10,3,1.996,1850,0,1100
9,4,2.031,0,0,0,,,,,,10,3,2.799,1850,0,750
9,4,2.513,0,0,0,,,,,,10,3,3.055,0,0,0
9,5,0.125,0,0,0,,,,,,10,3,4.298,0,0,0
9,5,0.548,750,0,450,,,,,,10,4,0.259,0,0,0
9,5,1.245,750,0,0,,,,,,10,4,1.098,0,0,0
9,5,1.745,0,0,0,,,,,,10,4,2.206,0,0,0
9,5,2.245,0,0,0,,,,,,10,5,0.669,0,0,0
9,5,2.745,0,0,0,,,,,,10,5,1.426,750,0,450
9,5,3.245,0,0,0,,,,,,10,5,2.669,750,0,0
9,5,3.822,750,0,1200,,,,,,10,5,3.434,750,0,0
9,5,4.322,0,0,0,,,,,,10,5,4.57,1850,0,1100
9,5,4.822,0,0,0,,,,,,10,5,5.277,0,0,0
9,5,5.322,0,0,0,,,,,,10,7,5.277,0,0,0
9,7,5.322,0,0,0,,,,,,11,0,0,750,256,0
10,0,0,750,249,0,,,,,,11,0,0.807,1850,0,1100
10,0,0.988,1850,0,1100,,,,,,11,0,1.618,1850,0,0
10,0,2,1850,527,0,,,,,,11,0,2.136,1850,0,0
10,0,3,1850,142,0,,,,,,11,0,2.521,1850,0,0
10,0,3.24,1200,0,650,,,,,,11,0,3.561,750,0,1100
10,0,4.962,750,0,450,,,,,,11,0,4.34,1200,0,450
10,0,5.331,750,0,0,,,,,,11,0,5.552,750,0,450
10,0,7,1850,83,1100,,,,,,11,0,5.911,750,0,0
10,0,8,1850,45,0,,,,,,11,0,7.186,1850,0,1100
10,0,9,1850,318,0,,,,,,11,0,8.223,1850,0,0
10,0,9.918,1850,0,0,,,,,,11,0,9.174,1200,0,650
10,0,11,1850,283,0,,,,,,11,0,9.844,750,0,450
10,0,12,1850,255,0,,,,,,11,0,10.589,1850,0,1100
10,0,12.646,1850,0,0,,,,,,11,0,11.054,1850,0,0
10,0,12.985,1850,0,0,,,,,,11,0,11.858,1850,0,0
10,0,13.134,1850,0,0,,,,,,11,0,12.022,1850,0,0
10,0,14.022,1850,0,0,,,,,,11,0,12.384,1200,0,650
10,0,14.826,1850,0,0,,,,,,11,0,12.509,1850,0,0
10,0,14.957,1850,0,0,,,,,,11,0,13.048,1850,0,0
10,0,15.794,1850,0,0,,,,,,11,0,15.566,750,0,1100
10,1,0.326,1850,0,0,,,,,,11,0,16.548,750,0,0
10,1,2.836,1850,0,0,,,,,,11,1,0.453,750,0,0
10,1,4,1850,584,0,,,,,,11,1,1.831,750,0,0
10,1,5,1850,41,0,,,,,,11,1,2.855,750,0,0
10,1,6,1850,184,0,,,,,,11,1,3.603,750,0,0
10,1,7,1850,159,0,,,,,,11,1,4.686,750,0,0
10,1,8,1850,338,0,,,,,,11,1,5.449,750,0,0
10,1,8.885,1850,0,0,,,,,,11,1,6.02,750,0,0
10,1,10,1850,389,0,,,,,,11,1,6.698,1200,0,450
10,1,11,1850,836,0,,,,,,11,1,7.466,0,0,0
10,1,12,1850,154,0,,,,,,11,1,9.146,1200,0,0
10,1,12.153,1850,0,0,,,,,,11,1,9.61,1200,0,0
10,1,12.309,1850,0,0,,,,,,11,1,9.74,1850,0,650
10,1,13.467,1850,0,0,,,,,,11,1,10.329,0,0,0
10,1,15,1850,1990,0,,,,,,11,1,10.533,1850,0,0
10,1,16,1850,1792,0,,,,,,11,1,11.068,750,0,0
10,1,17,1850,1609,0,,,,,,11,1,13.378,750,0,1100
10,1,18,1850,3089,0,,,,,,11,1,14.45,750,0,0
10,1,19,1850,2765,0,,,,,,11,1,15.063,750,0,0
10,1,20,1850,2407,0,,,,,,11,1,16.293,1200,0,450
10,1,21,1850,407,0,,,,,,11,1,17.278,1200,0,0
10,1,21.126,1850,0,0,,,,,,11,1,18.295,1200,0,0
10,1,21.29,1850,0,0,,,,,,11,1,18.852,1850,0,650
10,1,23.538,0,0,0,,,,,,11,1,18.956,1850,0,0
10,1,23.659,1850,0,0,,,,,,11,1,19.301,750,0,0
10,1,24.097,1850,0,0,,,,,,11,1,19.426,1850,0,0
10,1,25.357,1850,0,0,,,,,,11,1,19.9,750,0,0
10,2,0.214,1850,0,0,,,,,,11,1,20.518,1200,0,450
10,2,1.116,0,0,0,,,,,,11,1,20.619,1850,0,0
10,3,0.428,1850,0,0,,,,,,11,1,20.856,750,0,1100
10,3,2.03,1850,0,0,,,,,,11,1,21.524,1850,0,1100
10,3,3.328,1850,0,0,,,,,,11,1,21.81,1850,0,0
10,3,3.636,1850,0,0,,,,,,11,1,23.306,1850,0,0
10,3,5.044,1850,0,0,,,,,,11,1,23.966,0,0,0
10,3,5.23,0,0,0,,,,,,11,1,24.66,1850,0,0
10,4,0.471,0,0,0,,,,,,11,1,25.581,1850,0,0
10,4,1,1200,494,650,,,,,,11,2,0.321,1850,0,0
10,4,1.7,1200,0,0,,,,,,11,2,1.201,0,0,0
10,4,2.316,0,0,0,,,,,,11,3,0.007,0,0,0
10,5,0,0,477,0,,,,,,11,3,0.86,1200,0,0
10,5,0,1200,552,0,,,,,,11,3,1.455,1200,0,650
10,5,1,1200,184,0,,,,,,11,3,1.719,1850,0,1400
10,5,2,1200,258,0,,,,,,11,3,2.471,1850,0,1100
10,5,2.62,750,0,450,,,,,,11,3,2.617,0,0,0
10,5,3.328,750,0,0,,,,,,11,3,2.988,0,0,0
10,5,3.812,750,0,0,,,,,,11,3,3.903,0,0,0
10,5,4.086,1200,0,450,,,,,,11,3,4.536,0,0,0
10,5,4.572,0,0,0,,,,,,11,3,5.185,0,0,0
10,6,0.14,0,0,0,,,,,,11,4,0.208,0,0,0
10,7,0.14,0,0,0,,,,,,11,4,1.445,0,0,0
11,0,0,750,256,0,,,,,,11,4,2.258,0,0,0
11,0,0.807,1850,0,1100,,,,,,11,5,0.053,0,0,0
11,0,1.618,1850,0,0,,,,,,11,5,1.123,1850,0,650
11,0,2.136,1850,0,0,,,,,,11,5,2.12,1200,0,2500
11,0,2.521,1850,0,0,,,,,,11,5,2.844,0,0,0
11,0,5,1850,467,0,,,,,,11,5,3.344,0,0,0
11,0,6,1850,182,0,,,,,,11,5,3.844,0,0,0
11,0,7,1850,552,0,,,,,,11,5,4.344,0,0,0
11,0,8,1850,822,0,,,,,,11,5,4.844,0,0,0
11,0,9,1850,432,0,,,,,,11,5,5.344,0,0,0
11,0,9.59,1850,0,0,,,,,,11,7,5.344,0,0,0
11,0,11,1850,1216,0,,,,,,12,0,0,750,615,0
11,0,12,1850,2260,0,,,,,,12,0,0.322,750,0,0
11,0,13,1850,124,0,,,,,,12,0,1.148,1850,0,1100
11,0,13.543,1850,0,0,,,,,,12,0,1.872,1850,0,0
11,0,15,1850,25,0,,,,,,12,0,2.324,1850,0,0
11,0,16,1850,257,0,,,,,,12,0,4.26,750,0,1100
11,0,16.188,1850,0,0,,,,,,12,0,5.193,750,0,0
11,0,16.369,1850,0,0,,,,,,12,0,6.277,750,0,0
11,1,0.116,1850,0,0,,,,,,12,0,7.291,750,0,0
11,1,3,1850,1720,0,,,,,,12,0,8.351,750,0,0
11,1,4,1850,1707,0,,,,,,12,0,8.868,750,0,0
11,1,5,1850,556,0,,,,,,12,0,10.492,1200,0,450
11,1,6,1850,617,0,,,,,,12,0,11.516,750,0,450
11,1,7,1850,287,0,,,,,,12,0,12.585,1200,0,450
11,1,7.721,1850,0,0,,,,,,12,0,13.847,1850,0,650
11,1,8.368,1850,0,0,,,,,,12,0,14.604,750,0,1100
11,1,9.874,1850,0,0,,,,,,12,0,15.283,750,0,0
11,1,10.978,1850,0,0,,,,,,12,0,15.477,1850,0,0
11,1,11.531,1850,0,0,,,,,,12,0,15.663,1850,0,0
11,1,11.682,1850,0,0,,,,,,12,0,16.241,1200,0,650
11,1,12.419,1850,0,0,,,,,,12,1,2.217,750,0,450
11,1,12.532,1850,0,0,,,,,,12,1,2.905,750,0,0
11,1,13.278,1850,0,0,,,,,,12,1,3.492,1200,0,450
11,1,15,1850,1823,0,,,,,,12,1,4.432,1850,0,650
11,1,16,1850,1759,0,,,,,,12,1,6.2,1850,0,0
11,1,17,1850,1336,0,,,,,,12,1,7.006,1200,0,650
11,1,18,1850,1017,0,,,,,,12,1,7.332,1200,0,0
11,1,19,1850,678,0,,,,,,12,1,7.95,1850,0,650
11,1,20,1850,241,0,,,,,,12,1,8.959,1850,0,0
11,1,21,1850,12,0,,,,,,12,1,9.347,1850,0,0
11,1,21.143,1850,0,0,,,,,,12,1,9.461,1850,0,0
11,1,21.338,1850,0,0,,,,,,12,1,9.74,750,0,0
11,1,22.823,0,0,0,,,,,,12,1,10.593,1850,0,1100
11,1,23.047,1850,0,0,,,,,,12,1,10.728,1850,0,0
11,1,23.868,1850,0,0,,,,,,12,1,11.476,0,0,0
11,1,25.769,1850,0,0,,,,,,12,1,13.552,750,0,1100
11,2,1.302,1850,0,0,,,,,,12,1,15.074,750,0,0
11,3,0.669,0,0,0,,,,,,12,1,16.185,750,0,0
11,3,2,1850,445,0,,,,,,12,1,17.027,750,0,0
11,3,3,1850,117,0,,,,,,12,1,18.094,1200,0,450
11,3,3.961,1850,0,0,,,,,,12,1,19.031,1200,0,0
11,3,4.385,1850,0,0,,,,,,12,1,20.15,1850,0,650
11,3,4.532,0,0,0,,,,,,12,1,20.253,1850,0,0
11,3,5.442,1850,0,0,,,,,,12,1,20.375,1850,0,0
11,4,1,0,552,0,,,,,,12,1,20.482,1850,0,0
11,4,1,1850,1182,0,,,,,,12,1,21.005,0,0,0
11,4,1.776,1850,0,0,,,,,,12,1,21.259,1850,0,0
11,5,0,0,437,0,,,,,,12,1,21.697,1850,0,0
11,5,0,1850,1114,0,,,,,,12,1,22.582,1850,0,0
11,5,1,1850,150,0,,,,,,12,1,23.27,1200,0,650
11,5,2,1850,274,0,,,,,,12,1,24.344,1200,0,0
11,5,3,1850,136,0,,,,,,12,1,25.263,1850,0,0
11,5,4,1850,235,0,,,,,,12,1,25.949,1200,0,650
11,5,5,1850,120,0,,,,,,12,2,1.013,1850,0,650
11,6,0,1850,75,0,,,,,,12,3,0.46,0,0,0
11,7,0,0,0,0,,,,,,12,3,0.85,750,0,450
12,0,0,750,615,0,,,,,,12,3,2.027,0,0,0
12,0,0.322,750,0,0,,,,,,12,3,2.598,1850,0,2950
12,0,0.713,750,0,0,,,,,,12,3,2.749,0,0,0
12,0,1.302,1850,0,1100,,,,,,12,3,3.25,1200,0,650
12,0,1.814,1850,0,0,,,,,,12,3,4.26,0,0,0
12,0,5,1850,1121,0,,,,,,12,3,4.839,0,0,0
12,0,5.868,750,0,1100,,,,,,12,4,0.706,1850,0,650
12,0,7,750,100,0,,,,,,12,4,1.305,0,0,0
12,0,8,750,92,0,,,,,,12,4,2.43,0,0,0
12,0,9,750,106,0,,,,,,12,5,0.588,0,0,0
12,0,9.776,750,0,0,,,,,,12,5,1.764,750,0,1100
12,0,10.956,750,0,0,,,,,,12,5,2.911,750,0,0
12,0,12,750,541,0,,,,,,12,5,3.969,750,0,0
12,0,13,1200,13,450,,,,,,12,5,5,750,265,0
12,0,13.366,1200,0,0,,,,,,12,6,0,750,186,0
12,0,14.097,1200,0,0,,,,,,12,7,0,0,0,0
12,0,15.573,1200,0,0,,,,,,13,0,0,750,606,0
12,0,15.848,1200,0,0,,,,,,13,0,0.79,750,0,0
12,0,16.165,1200,0,0,,,,,,13,0,1.825,750,0,0
12,1,0.295,1200,0,0,,,,,,13,0,2.416,750,0,0
12,1,1.034,750,0,450,,,,,,13,0,3.074,1850,0,1100
12,1,1.476,750,0,0,,,,,,13,0,5,750,184,1100
12,1,1.891,750,0,0,,,,,,13,0,6,750,390,0
12,1,2.245,1200,0,0,,,,,,13,0,7,750,1121,0
12,1,3.735,1200,0,450,,,,,,13,0,8,750,280,0
12,1,4.483,1200,0,0,,,,,,13,0,8.921,750,0,0
12,1,5.222,1200,0,0,,,,,,13,0,10,1200,220,450
12,1,5.548,1200,0,0,,,,,,13,0,11,750,153,450
12,1,5.993,1200,0,0,,,,,,13,0,12,750,178,0
12,1,7.044,0,0,0,,,,,,13,0,12.818,1200,0,450
12,1,7.513,1850,0,650,,,,,,13,0,13.494,1850,0,650
12,1,8.132,1850,0,0,,,,,,13,0,14.262,1200,0,650
12,1,9.571,1850,0,650,,,,,,13,0,14.584,1200,0,0
12,1,11,1850,60,0,,,,,,13,0,14.711,1850,0,0
12,1,11.804,1850,0,0,,,,,,13,0,14.835,1850,0,0
12,1,11.939,1850,0,0,,,,,,13,0,15.392,1850,0,0
12,1,13.339,1850,0,0,,,,,,13,0,16.448,750,0,1100
12,1,13.493,1850,0,0,,,,,,13,1,0.081,1850,0,0
12,1,15,1850,2471,0,,,,,,13,1,0.686,750,0,0
12,1,16,1850,1334,0,,,,,,13,1,1.889,1850,0,0
12,1,17,1850,1469,0,,,,,,13,1,2.438,750,0,0
12,1,18,1850,1604,0,,,,,,13,1,3.788,1200,0,450
12,1,19,1850,859,0,,,,,,13,1,4.519,750,0,450
12,1,20,1850,1173,0,,,,,,13,1,5.114,1200,0,450
12,1,20.832,1850,0,0,,,,,,13,1,6.133,1850,0,650
12,1,20.981,1850,0,0,,,,,,13,1,6.694,1200,0,650
12,1,21.745,1200,0,650,,,,,,13,1,7.799,0,0,0
12,1,21.869,1200,0,650,,,,,,13,1,8.42,1200,0,0
12,1,22.374,750,0,450,,,,,,13,1,9.402,1850,0,650
12,1,22.473,1200,0,0,,,,,,13,1,9.548,1850,0,0
12,1,22.843,750,0,0,,,,,,13,1,9.889,0,0,0
12,1,23.619,1200,0,450,,,,,,13,1,10.792,1850,0,0
12,1,23.948,1200,0,0,,,,,,13,1,10.981,1850,0,0
12,1,24.695,750,0,450,,,,,,13,1,11.617,750,0,1100
12,1,25.941,750,0,0,,,,,,13,1,13.171,750,0,1100
12,2,0.441,0,0,0,,,,,,13,1,14.807,750,0,0
12,2,1.568,0,0,0,,,,,,13,1,16.139,750,0,0
12,3,0.344,1200,0,650,,,,,,13,1,17.185,750,0,0
12,3,1.749,750,0,1100,,,,,,13,1,18.272,750,0,0
12,3,2.936,750,0,0,,,,,,13,1,19.208,750,0,0
12,3,3.702,0,0,0,,,,,,13,1,19.864,1200,0,450
12,3,4.164,1200,0,1650,,,,,,13,1,19.989,1850,0,650
12,3,4.355,0,0,0,,,,,,13,1,20.144,1850,0,0
12,3,5.539,0,0,0,,,,,,13,1,20.26,1850,0,0
12,4,1.639,0,0,0,,,,,,13,1,20.802,750,0,0
12,4,2.877,0,0,0,,,,,,13,1,21.805,1200,0,450
12,5,0.871,0,0,0,,,,,,13,1,22.077,1850,0,0
12,5,1.209,750,0,0,,,,,,13,1,22.562,1850,0,0
12,5,1.572,750,0,0,,,,,,13,1,23.318,1850,0,0
12,5,2.072,0,0,0,,,,,,13,1,25.135,1850,0,0
12,5,2.572,0,0,0,,,,,,13,2,0.247,0,0,0
12,5,3.072,0,0,0,,,,,,13,2,0.715,0,0,0
12,5,3.432,750,0,1200,,,,,,13,2,1.351,1200,0,650
12,5,3.932,0,0,0,,,,,,13,3,0.371,0,0,0
12,5,4.432,0,0,0,,,,,,13,3,0.975,1200,0,0
12,5,4.932,0,0,0,,,,,,13,3,2.013,1850,0,650
12,6,0.051,0,0,0,,,,,,13,3,2.275,1850,0,2500
12,7,0.051,0,0,0,,,,,,13,3,2.405,0,0,0
13,0,0,750,606,0,,,,,,13,3,3.15,750,0,1100
13,0,0.79,750,0,0,,,,,,13,3,4.179,0,0,0
13,0,1.825,750,0,0,,,,,,13,4,0.056,0,0,0
13,0,2.706,1200,0,450,,,,,,13,4,0.663,0,0,0
13,0,3.099,1200,0,0,,,,,,13,4,1.626,1200,0,450
13,0,5,750,205,450,,,,,,13,4,2.235,0,0,0
13,0,6,750,416,0,,,,,,13,5,0.192,0,0,0
13,0,7,750,1103,0,,,,,,13,5,0.824,750,0,450
13,0,8,750,282,0,,,,,,13,5,1.495,1850,0,1100
13,0,8.92,750,0,0,,,,,,13,5,2.717,1200,0,2300
13,0,9.653,750,0,0,,,,,,13,5,3.447,0,0,0
13,0,10.725,750,0,0,,,,,,13,5,4.284,0,0,0
13,0,12,750,84,0,,,,,,13,5,5.175,0,0,0
13,0,13,1200,34,450,,,,,,13,6,0.294,0,0,0
13,0,13.337,1200,0,0,,,,,,13,7,0.294,0,0,0
13,0,13.931,750,0,450,,,,,,14,0,0,750,280,0
13,0,14.138,1200,0,0,,,,,,14,0,0.949,1850,0,1100
13,0,14.75,750,0,0,,,,,,14,0,1.534,1850,0,0
13,0,14.859,1200,0,0,,,,,,14,0,2.154,1850,0,0
13,0,15.127,1200,0,0,,,,,,14,0,2.483,1850,0,0
13,0,15.43,1200,0,0,,,,,,14,0,4.297,750,0,1100
13,0,15.924,1200,0,0,,,,,,14,0,5.387,750,0,0
13,0,16.712,0,0,0,,,,,,14,0,6.333,750,0,0
13,1,0.057,1200,0,0,,,,,,14,0,7.548,750,0,0
13,1,0.887,750,0,450,,,,,,14,0,8.13,750,0,0
13,1,1.879,750,0,0,,,,,,14,0,9.221,1200,0,450
13,1,2.581,750,0,0,,,,,,14,0,9.738,750,0,450
13,1,3.341,1200,0,450,,,,,,14,0,10.657,1200,0,450
13,1,4.78,1200,0,0,,,,,,14,0,11.681,1850,0,650
13,1,5.486,1200,0,0,,,,,,14,0,12.416,1850,0,0
13,1,6.05,1200,0,0,,,,,,14,0,13.178,1200,0,650
13,1,6.691,1200,0,0,,,,,,14,0,14.187,1200,0,0
13,1,7.376,1200,0,0,,,,,,14,0,14.419,1850,0,0
13,1,7.878,1200,0,0,,,,,,14,0,14.64,1850,0,0
13,1,8.605,1200,0,0,,,,,,14,0,15.114,1200,0,650
13,1,9.135,1200,0,0,,,,,,14,0,16.365,750,0,450
13,1,10.232,1200,0,0,,,,,,14,1,0.226,1850,0,0
13,1,10.549,1200,0,0,,,,,,14,1,1.263,750,0,0
13,1,11.293,1200,0,0,,,,,,14,1,1.947,750,0,0
13,1,11.444,1200,0,0,,,,,,14,1,2.735,1850,0,0
13,1,12.308,1200,0,0,,,,,,14,1,3.565,1200,0,450
13,1,12.452,1200,0,0,,,,,,14,1,5.202,1200,0,0
13,1,13.288,1200,0,0,,,,,,14,1,6.194,750,0,450
13,1,14.795,750,0,450,,,,,,14,1,6.763,750,0,0
13,1,16,750,470,0,,,,,,14,1,7.451,1200,0,450
13,1,17,750,287,0,,,,,,14,1,8.148,1200,0,0
13,1,18,750,479,0,,,,,,14,1,8.929,1850,0,650
13,1,18.869,750,0,0,,,,,,14,1,9.484,0,0,0
13,1,19.681,750,0,0,,,,,,14,1,9.594,1850,0,0
13,1,20.207,1200,0,450,,,,,,14,1,9.88,0,0,0
13,1,20.311,1200,0,0,,,,,,14,1,10.504,1850,0,0
13,1,20.826,750,0,450,,,,,,14,1,10.632,1850,0,0
13,1,21.326,0,0,0,,,,,,14,1,11.102,750,0,1100
13,1,21.457,1200,0,0,,,,,,14,1,13.107,750,0,1100
13,1,21.957,0,0,0,,,,,,14,1,14.595,750,0,0
13,1,22.457,0,0,0,,,,,,14,1,15.403,750,0,0
13,1,22.569,1200,0,0,,,,,,14,1,17.003,750,0,0
13,1,23.069,0,0,0,,,,,,14,1,18.33,750,0,0
13,1,23.379,1200,0,0,,,,,,14,1,18.891,750,0,0
13,1,23.879,0,0,0,,,,,,14,1,19.428,1850,0,1100
13,1,24.379,0,0,0,,,,,,14,1,19.542,1850,0,0
13,1,24.879,0,0,0,,,,,,14,1,19.684,1850,0,0
13,1,25.379,0,0,0,,,,,,14,1,20.642,750,0,0
13,1,25.879,0,0,0,,,,,,14,1,20.75,1850,0,0
13,2,0.379,0,0,0,,,,,,14,1,21.307,750,0,0
13,2,0.698,0,0,0,,,,,,14,1,22.185,1850,0,0
13,2,0.962,1200,0,450,,,,,,14,1,22.631,750,0,1100
13,2,1.333,0,0,0,,,,,,14,1,23.131,750,0,0
13,2,1.693,0,0,0,,,,,,14,1,23.913,1200,0,450
13,3,0.269,0,0,0,,,,,,14,1,24.527,0,0,0
13,3,1.025,750,0,450,,,,,,14,1,25.574,1850,0,650
13,3,1.911,750,0,0,,,,,,14,2,0.052,1200,0,650
13,3,2.411,0,0,0,,,,,,14,2,0.719,0,0,0
13,3,2.911,0,0,0,,,,,,14,2,1.451,1850,0,650
13,3,3.411,0,0,0,,,,,,14,3,0.441,0,0,0
13,3,3.874,1200,0,1650,,,,,,14,3,1.083,1850,0,1100
13,3,4.374,0,0,0,,,,,,14,3,1.424,1850,0,750
13,3,4.573,0,0,0,,,,,,14,3,2.206,1200,0,650
13,3,5.073,0,0,0,,,,,,14,3,2.341,0,0,0
13,4,0.641,0,0,0,,,,,,14,3,2.714,1850,0,650
13,4,1.369,0,0,0,,,,,,14,3,3.314,0,0,0
13,4,1.869,0,0,0,,,,,,14,3,4.117,0,0,0
13,4,2.369,0,0,0,,,,,,14,3,4.895,0,0,0
13,5,0.163,0,0,0,,,,,,14,3,5.609,0,0,0
13,5,0.717,750,0,0,,,,,,14,4,0.829,0,0,0
13,5,1.165,750,0,0,,,,,,14,4,1.566,0,0,0
13,5,1.665,0,0,0,,,,,,14,4,2.676,0,0,0
13,5,2.165,0,0,0,,,,,,14,5,0.383,0,0,0
13,5,2.665,0,0,0,,,,,,14,5,1.687,1200,0,0
13,5,3.165,0,0,0,,,,,,14,5,2.054,750,0,2300
13,5,3.573,750,0,1200,,,,,,14,5,2.748,0,0,0
13,5,4.073,0,0,0,,,,,,14,5,3.248,0,0,0
13,5,4.573,0,0,0,,,,,,14,5,3.748,0,0,0
13,5,5.073,0,0,0,,,,,,14,5,4.248,0,0,0
13,6,0.192,0,0,0,,,,,,14,5,4.748,0,0,0
13,7,0.192,0,0,0,,,,,,14,5,5.248,0,0,0
14,0,0,750,280,0,,,,,,14,6,0.367,0,0,0
14,0,0.949,1850,0,1100,,,,,,14,7,0.367,0,0,0
14,0,1.534,1850,0,0,,,,,,15,0,0,750,304,0
14,0,2.154,1850,0,0,,,,,,15,0,0.59,1200,0,450
14,0,2.483,1850,0,0,,,,,,15,0,1.622,1850,0,650
14,0,5,1850,2198,0,,,,,,15,0,2.382,1850,0,0
14,0,6,1850,738,0,,,,,,15,0,3.238,1850,0,0
14,0,7,1850,810,0,,,,,,15,0,4.954,750,0,1100
14,0,8,1850,1557,0,,,,,,15,0,5.824,750,0,0
14,0,9,1850,809,0,,,,,,15,0,6.966,750,0,0
14,0,10,1850,127,0,,,,,,15,0,8,750,112,0
14,0,11,1850,514,0,,,,,,15,0,8.984,750,0,0
14,0,12,1850,246,0,,,,,,15,0,9.705,750,0,0
14,0,12.896,1850,0,0,,,,,,15,0,10.556,750,0,0
14,0,13.758,1850,0,0,,,,,,15,0,11.503,750,0,0
14,0,15,1850,335,0,,,,,,15,0,12.188,1200,0,450
14,0,16,1850,93,0,,,,,,15,0,13.131,1850,0,650
14,0,16.186,1850,0,0,,,,,,15,0,13.826,750,0,1100
14,0,16.358,1850,0,0,,,,,,15,0,14.379,750,0,0
14,1,0.13,1850,0,0,,,,,,15,0,14.647,1850,0,0
14,1,2.767,1850,0,0,,,,,,15,0,14.929,1850,0,0
14,1,4,1850,1984,0,,,,,,15,0,15.611,750,0,1100
14,1,5,1850,1941,0,,,,,,15,1,0.569,750,0,0
14,1,6,1850,476,0,,,,,,15,1,2.936,750,0,0
14,1,7,1850,1530,0,,,,,,15,1,4.375,750,0,0
14,1,8,1850,225,0,,,,,,15,1,5.855,750,0,0
14,1,9,1850,399,0,,,,,,15,1,6.687,750,0,0
14,1,9.659,1850,0,0,,,,,,15,1,8,1200,842,450
14,1,10.503,1850,0,0,,,,,,15,1,8.938,750,0,450
14,1,10.986,1850,0,0,,,,,,15,1,9.931,750,0,0
14,1,11.793,1850,0,0,,,,,,15,1,11,750,161,0
14,1,11.908,1850,0,0,,,,,,15,1,11.476,750,0,0
14,1,12.542,1850,0,0,,,,,,15,1,11.589,1850,0,1100
14,1,12.655,1850,0,0,,,,,,15,1,11.701,1850,0,0
14,1,13.727,0,0,0,,,,,,15,1,12.63,750,0,1100
14,1,15,1850,1242,0,,,,,,15,1,13.916,750,0,0
14,1,16,1850,2028,0,,,,,,15,1,14.707,750,0,0
14,1,17,1850,1613,0,,,,,,15,1,15.755,750,0,0
14,1,18,1850,844,0,,,,,,15,1,16.458,750,0,0
14,1,19,1850,724,0,,,,,,15,1,17.032,750,0,0
14,1,19.964,1850,0,0,,,,,,15,1,17.837,1850,0,1100
14,1,20.8,1850,0,0,,,,,,15,1,18.253,1200,0,0
14,1,20.902,1850,0,0,,,,,,15,1,18.352,1850,0,0
14,1,22.035,1850,0,0,,,,,,15,1,19.017,750,0,450
14,1,22.162,1850,0,0,,,,,,15,1,19.145,1850,0,0
14,1,22.273,1850,0,0,,,,,,15,1,19.624,0,0,0
14,1,23.561,1850,0,0,,,,,,15,1,20.618,0,0,0
14,1,23.811,1850,0,0,,,,,,15,1,20.737,1850,0,0
14,1,24.856,1850,0,0,,,,,,15,1,21.1,750,0,0
14,1,25.384,1850,0,650,,,,,,15,1,21.457,1850,0,0
14,2,0.378,1850,0,0,,,,,,15,1,22.136,1850,0,1100
14,2,1.87,0,0,0,,,,,,15,1,23.024,1850,0,0
14,3,0.896,1850,0,0,,,,,,15,1,24.235,1200,0,650
14,3,1.749,1850,0,0,,,,,,15,1,24.682,1200,0,650
14,3,2.742,1850,0,0,,,,,,15,1,25.873,1850,0,650
14,3,3.934,1850,0,0,,,,,,15,2,0.756,1200,0,650
14,3,4.131,1850,0,1850,,,,,,15,2,1.657,0,0,0
14,3,4.243,0,0,0,,,,,,15,3,0.492,0,0,0
14,3,4.897,1850,0,0,,,,,,15,3,1.043,750,0,450
14,4,0.18,1850,0,0,,,,,,15,3,1.464,1850,0,2300
14,4,1.586,0,0,0,,,,,,15,3,2.486,0,0,0
14,4,2.2,1850,0,1100,,,,,,15,3,2.691,0,0,0
14,5,0.434,0,0,0,,,,,,15,3,3.202,750,0,450
14,5,1.515,1850,0,0,,,,,,15,3,4.38,0,0,0
14,5,2.725,1850,0,0,,,,,,15,3,5.613,0,0,0
14,5,3.802,0,0,0,,,,,,15,4,0.993,0,0,0
14,5,4.883,1850,0,1850,,,,,,15,4,2.331,0,0,0
14,7,4.883,0,0,0,,,,,,15,5,0.278,0,0,0
15,0,0,750,304,0,,,,,,15,5,0.836,750,0,0
15,0,0.93,1850,0,1100,,,,,,15,5,1.693,1200,0,450
15,0,1.982,1850,0,0,,,,,,15,5,2.921,1200,0,0
15,0,3,1850,149,0,,,,,,15,5,3.554,750,0,450
15,0,3.38,1200,0,650,,,,,,15,5,4.905,1200,0,450
15,0,5,750,123,450,,,,,,15,6,0,1850,253,650
15,0,5.888,750,0,0,,,,,,15,7,0,0,0,0
15,0,7,750,41,0,,,,,,16,0,0,750,630,0
15,0,8,750,271,0,,,,,,16,0,0.825,750,0,0
15,0,8.831,750,0,0,,,,,,16,0,1.942,750,0,0
15,0,9.873,1200,0,450,,,,,,16,0,2.607,750,0,0
15,0,10.726,750,0,450,,,,,,16,0,3.282,1850,0,1100
15,0,11.606,750,0,0,,,,,,16,0,5,750,724,1100
15,0,12.636,1200,0,450,,,,,,16,0,6,750,110,0
15,0,13.18,1200,0,0,,,,,,16,0,7,750,588,0
15,0,14.119,1200,0,0,,,,,,16,0,8,750,2,0
15,0,15.434,1200,0,0,,,,,,16,0,9,750,483,0
15,0,15.628,1200,0,0,,,,,,16,0,9.988,750,0,0
15,0,15.799,1200,0,0,,,,,,16,0,10.691,750,0,0
15,0,16.464,1200,0,0,,,,,,16,0,11.583,750,0,0
15,1,0.387,1200,0,0,,,,,,16,0,12.335,1200,0,450
15,1,3,750,203,450,,,,,,16,0,13.222,1850,0,650
15,1,4,750,1095,0,,,,,,16,0,14.309,750,0,1100
15,1,5,750,88,0,,,,,,16,0,15.034,750,0,0
15,1,6,750,920,0,,,,,,16,0,15.338,1850,0,0
15,1,7,750,398,0,,,,,,16,0,15.57,1850,0,0
15,1,8,750,421,0,,,,,,16,0,16.273,1200,0,650
15,1,8.719,750,0,0,,,,,,16,1,1.773,750,0,450
15,1,9.015,750,0,0,,,,,,16,1,3.513,750,0,0
15,1,9.323,750,0,0,,,,,,16,1,5,750,279,0
15,1,9.834,1200,0,0,,,,,,16,1,6,750,14,0
15,1,10.64,0,0,0,,,,,,16,1,7,750,210,0
15,1,11.188,1200,0,450,,,,,,16,1,7.571,750,0,0
15,1,11.299,1200,0,0,,,,,,16,1,8.657,1200,0,450
15,1,11.737,1200,0,0,,,,,,16,1,9.431,750,0,450
15,1,12.243,1200,0,0,,,,,,16,1,10.295,750,0,0
15,1,12.357,1200,0,0,,,,,,16,1,11.027,1200,0,450
15,1,13.322,1200,0,0,,,,,,16,1,11.2,1850,0,650
15,1,14.704,750,0,450,,,,,,16,1,11.377,1850,0,0
15,1,15.726,750,0,0,,,,,,16,1,14.059,750,0,1100
15,1,16.958,750,0,0,,,,,,16,1,16,750,430,0
15,1,18,750,74,0,,,,,,16,1,17,750,872,0
15,1,18.594,750,0,0,,,,,,16,1,18,750,268,0
15,1,19.124,750,0,0,,,,,,16,1,19,750,309,0
15,1,19.59,1200,0,450,,,,,,16,1,19.848,750,0,0
15,1,19.989,1200,0,650,,,,,,16,1,20.816,1200,0,450
15,1,20.703,1200,0,0,,,,,,16,1,20.943,1850,0,650
15,1,20.856,1200,0,0,,,,,,16,1,21.109,1850,0,0
15,1,21.748,1200,0,0,,,,,,16,1,21.245,1850,0,0
15,1,21.861,1200,0,0,,,,,,16,1,21.649,1200,0,650
15,1,22.534,1200,0,0,,,,,,16,1,22.305,750,0,0
15,1,22.638,1200,0,0,,,,,,16,1,22.957,750,0,0
15,1,23.088,750,0,450,,,,,,16,1,23.773,0,0,0
15,1,23.379,1200,0,0,,,,,,16,1,24.57,0,0,0
15,1,24.244,1200,0,450,,,,,,16,1,25.398,1200,0,450
15,1,24.744,0,0,0,,,,,,16,2,0.112,1200,0,0
15,1,25.244,0,0,0,,,,,,16,2,1.038,0,0,0
15,1,25.744,0,0,0,,,,,,16,2,1.658,0,0,0
15,2,0.244,0,0,0,,,,,,16,3,0.584,750,0,450
15,2,0.966,0,0,0,,,,,,16,3,1.446,750,0,0
15,2,1.533,1200,0,650,,,,,,16,3,2.294,750,0,0
15,3,0.433,0,0,0,,,,,,16,3,2.886,1850,0,1100
15,3,1.327,750,0,450,,,,,,16,3,3.122,0,0,0
15,3,2.073,750,0,0,,,,,,16,3,4.188,0,0,0
15,3,2.952,0,0,0,,,,,,16,3,5.586,0,0,0
15,3,3.452,0,0,0,,,,,,16,4,0,0,1247,0
15,3,3.892,1200,0,1650,,,,,,16,4,0,750,213,1100
15,3,4.392,0,0,0,,,,,,16,4,0.6,1850,0,1100
15,3,4.578,0,0,0,,,,,,16,4,1.335,1850,0,0
15,3,5.078,0,0,0,,,,,,16,4,2.1,0,0,0
15,4,0.811,0,0,0,,,,,,16,5,0,0,325,0
15,4,1.886,0,0,0,,,,,,16,5,0,1850,549,0
15,4,2.386,0,0,0,,,,,,16,5,0.617,1850,0,0
15,5,0.843,0,0,0,,,,,,16,5,1.632,1850,0,0
15,5,1.598,750,0,450,,,,,,16,5,3,1200,36,650
15,5,2.248,750,0,0,,,,,,16,5,3.671,750,0,450
15,5,2.748,0,0,0,,,,,,16,5,4.347,750,0,0
15,5,3.248,0,0,0,,,,,,16,5,5.365,1850,0,1100
15,5,3.835,750,0,1200,,,,,,16,7,5.365,0,0,0
15,5,4.335,0,0,0,,,,,,17,0,0,750,248,0
15,5,4.835,0,0,0,,,,,,17,0,0.765,1850,0,1100
15,5,5.335,0,0,0,,,,,,17,0,1.846,1850,0,0
15,7,5.335,0,0,0,,,,,,17,0,2.515,1850,0,0
16,0,0,750,630,0,,,,,,17,0,3.22,1850,0,0
16,0,0.825,750,0,0,,,,,,17,0,5,750,344,1100
16,0,1.942,750,0,0,,,,,,17,0,5.699,750,0,0
16,0,2.903,1200,0,450,,,,,,17,0,6.412,750,0,0
16,0,3.3,1200,0,0,,,,,,17,0,7.514,1200,0,450
16,0,5,750,791,450,,,,,,17,0,8.289,750,0,450
16,0,6,750,65,0,,,,,,17,0,8.857,1200,0,450
16,0,7,750,596,0,,,,,,17,0,9.783,1200,0,0
16,0,7.999,750,0,0,,,,,,17,0,10.848,750,0,450
16,0,9,750,489,0,,,,,,17,0,11.619,1200,0,450
16,0,9.972,750,0,0,,,,,,17,0,12.804,1850,0,650
16,0,10.682,750,0,0,,,,,,17,0,13.458,750,0,1100
16,0,11.573,750,0,0,,,,,,17,0,14.056,750,0,0
16,0,12.329,1200,0,450,,,,,,17,0,14.258,1850,0,0
16,0,12.901,1200,0,0,,,,,,17,0,14.49,1850,0,0
16,0,13.14,1200,0,0,,,,,,17,0,15.509,1200,0,650
16,0,14.144,750,0,450,,,,,,17,0,16.651,750,0,450
16,0,14.954,750,0,0,,,,,,17,1,0.563,1850,0,0
16,0,15.169,1200,0,0,,,,,,17,1,1.639,750,0,0
16,0,15.719,750,0,450,,,,,,17,1,2.763,750,0,0
16,0,16.267,750,0,0,,,,,,17,1,3.6,750,0,0
16,1,0.155,750,0,0,,,,,,17,1,4.174,750,0,0
16,1,2.49,750,0,0,,,,,,17,1,4.962,1200,0,450
16,1,4,750,275,0,,,,,,17,1,5.576,1200,0,650
16,1,5,750,727,0,,,,,,17,1,6.576,1850,0,650
16,1,6,750,166,0,,,,,,17,1,7.205,1200,0,650
16,1,6.815,750,0,0,,,,,,17,1,8.329,1200,0,0
16,1,7.631,750,0,0,,,,,,17,1,9.6,1850,0,650
16,1,8.297,750,0,0,,,,,,17,1,9.737,1850,0,0
16,1,9.084,750,0,0,,,,,,17,1,10.34,0,0,0
16,1,9.935,750,0,0,,,,,,17,1,10.514,1850,0,0
16,1,10.753,0,0,0,,,,,,17,1,11.037,0,0,0
16,1,11.493,1200,0,450,,,,,,17,1,12.227,750,0,1100
16,1,11.637,1200,0,0,,,,,,17,1,13.743,750,0,0
16,1,12.657,1200,0,450,,,,,,17,1,14.896,750,0,0
16,1,12.827,1200,0,0,,,,,,17,1,15.562,750,0,0
16,1,13.584,750,0,450,,,,,,17,1,16.393,1200,0,450
16,1,15,750,1488,450,,,,,,17,1,18.021,1200,0,0
16,1,16,750,961,0,,,,,,17,1,18.498,1200,0,0
16,1,17,750,768,0,,,,,,17,1,18.631,1850,0,650
16,1,18,750,254,0,,,,,,17,1,19.095,750,0,450
16,1,19,750,265,0,,,,,,17,1,19.218,1850,0,0
16,1,19.996,750,0,0,,,,,,17,1,19.552,750,0,0
16,1,20.826,1200,0,450,,,,,,17,1,20.502,1200,0,450
16,1,20.942,1200,0,0,,,,,,17,1,20.619,1850,0,0
16,1,21.871,750,0,0,,,,,,17,1,21.085,750,0,450
16,1,22.007,1200,0,0,,,,,,17,1,21.319,1850,0,0
16,1,22.122,1200,0,0,,,,,,17,1,22.228,1850,0,0
16,1,22.605,750,0,450,,,,,,17,1,22.99,1200,0,650
16,1,23.272,750,0,0,,,,,,17,1,23.544,1200,0,0
16,1,23.561,1200,0,0,,,,,,17,1,24.104,0,0,0
16,1,24.332,750,0,0,,,,,,17,1,24.753,1850,0,650
16,1,25.029,1200,0,450,,,,,,17,1,25.434,1850,0,0
16,1,25.725,750,0,450,,,,,,17,2,0.89,1850,0,0
16,2,0.433,750,0,0,,,,,,17,2,1.37,0,0,0
16,2,1.082,0,0,0,,,,,,17,3,0.386,0,0,0
16,2,1.821,1200,0,450,,,,,,17,3,1.161,1850,0,1100
16,3,1.005,0,0,0,,,,,,17,3,1.49,1850,0,1850
16,3,1.957,750,0,0,,,,,,17,3,2.113,1200,0,650
16,3,3.02,750,0,0,,,,,,17,3,2.242,0,0,0
16,3,3.447,1200,0,1200,,,,,,17,3,2.653,1850,0,1100
16,3,4.61,0,0,0,,,,,,17,3,3.839,0,0,0
16,3,4.713,0,0,0,,,,,,17,3,4.202,0,0,0
16,3,5.213,0,0,0,,,,,,17,3,5.447,0,0,0
16,3,5.559,0,0,0,,,,,,17,4,0.607,0,0,0
16,4,0.442,0,0,0,,,,,,17,4,1.532,0,0,0
16,4,0.86,0,0,0,,,,,,17,4,1.879,0,0,0
16,4,1.36,0,0,0,,,,,,17,5,0.404,0,0,0
16,4,1.86,0,0,0,,,,,,17,5,1.243,1200,0,0
16,4,2.36,0,0,0,,,,,,17,5,1.85,1200,0,1850
16,4,2.797,0,0,0,,,,,,17,5,2.494,0,0,0
16,5,0.409,0,0,0,,,,,,17,5,2.994,0,0,0
16,5,0.728,750,0,0,,,,,,17,5,3.494,0,0,0
16,5,1.085,750,0,0,,,,,,17,5,3.994,0,0,0
16,5,1.585,0,0,0,,,,,,17,5,4.494,0,0,0
16,5,2.085,0,0,0,,,,,,17,5,4.994,0,0,0
16,5,2.585,0,0,0,,,,,,17,6,0.113,0,0,0
16,5,3.085,0,0,0,,,,,,17,7,0.113,0,0,0
16,5,3.576,750,0,1200,,,,,,18,0,0,750,768,0
16,5,4.076,0,0,0,,,,,,18,0,1,750,49,0
16,5,4.576,0,0,0,,,,,,18,0,2,750,301,0
16,5,5.076,0,0,0,,,,,,18,0,2.819,750,0,0
16,6,0.195,0,0,0,,,,,,18,0,3.574,1200,0,450
16,7,0.195,0,0,0,,,,,,18,0,5,750,304,450
17,0,0,750,248,0,,,,,,18,0,6,750,219,0
17,0,0.765,1850,0,1100,,,,,,18,0,7,750,314,0
17,0,1.846,1850,0,0,,,,,,18,0,8,750,112,0
17,0,2.515,1850,0,0,,,,,,18,0,9,750,11,0
17,0,3.22,1850,0,0,,,,,,18,0,9.821,750,0,0
17,0,5,1850,2171,0,,,,,,18,0,10.799,750,0,0
17,0,6,1850,447,0,,,,,,18,0,12,750,243,0
17,0,7,1850,1432,0,,,,,,18,0,12.568,750,0,0
17,0,8,1850,2388,0,,,,,,18,0,13.286,1850,0,1100
17,0,9,1850,792,0,,,,,,18,0,14.065,1200,0,650
17,0,10,1850,147,0,,,,,,18,0,15.836,1200,0,0
17,0,11,1850,987,0,,,,,,18,0,16.037,1850,0,0
17,0,12,1850,420,0,,,,,,18,0,16.324,1850,0,0
17,0,13,1850,59,0,,,,,,18,1,0.123,750,0,1100
17,0,13.691,1850,0,0,,,,,,18,1,2.124,750,0,0
17,0,14.368,1850,0,0,,,,,,18,1,3.446,750,0,0
17,0,15.755,1850,0,0,,,,,,18,1,4.88,750,0,0
17,0,15.981,1850,0,0,,,,,,18,1,5.936,750,0,0
17,0,16.151,1200,0,650,,,,,,18,1,7,750,267,0
17,1,0.195,1200,0,0,,,,,,18,1,7.559,750,0,0
17,1,1.612,750,0,450,,,,,,18,1,8.836,1200,0,450
17,1,2.408,750,0,0,,,,,,18,1,9.771,750,0,450
17,1,3.328,750,0,0,,,,,,18,1,10.239,750,0,0
17,1,4.163,750,0,0,,,,,,18,1,11.696,1850,0,1100
17,1,4.969,750,0,0,,,,,,18,1,11.921,1850,0,0
17,1,5.708,1200,0,450,,,,,,18,1,12.156,1850,0,0
17,1,6.165,1200,0,0,,,,,,18,1,14.705,750,0,1100
17,1,6.559,1200,0,0,,,,,,18,1,16,750,723,0
17,1,8.329,1850,0,650,,,,,,18,1,17,750,1140,0
17,1,8.894,1200,0,0,,,,,,18,1,18,750,186,0
17,1,9.749,0,0,0,,,,,,18,1,18.485,750,0,0
17,1,10.674,1200,0,0,,,,,,18,1,19.116,1200,0,450
17,1,11.101,1200,0,0,,,,,,18,1,19.647,1850,0,650
17,1,11.202,1200,0,0,,,,,,18,1,19.762,1850,0,0
17,1,11.53,1200,0,650,,,,,,18,1,19.905,1850,0,0
17,1,12.182,1200,0,0,,,,,,18,1,20.368,750,0,0
17,1,12.346,1200,0,0,,,,,,18,1,20.488,1850,0,0
17,1,13.131,1200,0,0,,,,,,18,1,20.965,750,0,0
17,1,14.174,750,0,450,,,,,,18,1,21.724,0,0,0
17,1,15.028,750,0,0,,,,,,18,1,22.124,1850,0,0
17,1,17,1850,338,1100,,,,,,18,1,22.947,0,0,0
17,1,18,1850,610,0,,,,,,18,1,23.66,1850,0,1100
17,1,19,1850,337,0,,,,,,18,1,24.515,1850,0,0
17,1,20,1850,593,0,,,,,,18,1,25.209,1200,0,650
17,1,20.805,1850,0,0,,,,,,18,1,25.977,1200,0,0
17,1,20.914,1850,0,0,,,,,,18,2,0.974,1850,0,0
17,1,21.624,1850,0,650,,,,,,18,2,1.899,0,0,0
17,1,21.745,1850,0,0,,,,,,18,3,0.449,0,0,0
17,1,23.049,1850,0,0,,,,,,18,3,1.003,1200,0,0
17,1,23.15,1850,0,0,,,,,,18,3,1.269,1850,0,2500
17,1,23.341,1200,0,650,,,,,,18,3,1.875,1200,0,650
17,1,23.921,1200,0,650,,,,,,18,3,2.893,1850,0,650
17,1,24.903,1850,0,650,,,,,,18,3,3.036,0,0,0
17,1,25.667,1200,0,650,,,,,,18,3,3.769,0,0,0
17,2,0.284,1200,0,0,,,,,,18,3,4.196,0,0,0
17,2,1.071,0,0,0,,,,,,18,4,0.382,0,0,0
17,2,1.912,1850,0,1100,,,,,,18,4,0.925,0,0,0
17,3,0.589,0,0,0,,,,,,18,4,1.961,1850,0,0
17,3,2.388,1850,0,650,,,,,,18,4,2.81,0,0,0
17,3,4,1850,24,0,,,,,,18,5,0.925,0,0,0
17,3,4.276,1850,0,1850,,,,,,18,5,1,1200,625,650
17,3,4.41,0,0,0,,,,,,18,5,1.823,1200,0,0
17,3,4.836,0,0,0,,,,,,18,5,2.286,1200,0,0
17,3,5.336,0,0,0,,,,,,18,5,3.245,1850,0,650
17,4,0.415,0,0,0,,,,,,18,5,4.325,1850,0,0
17,4,0.97,0,0,0,,,,,,18,5,4.871,1850,0,0
17,4,1.47,0,0,0,,,,,,18,6,0.384,0,0,0
17,4,1.97,0,0,0,,,,,,18,7,0.384,0,0,0
17,4,2.47,0,0,0,,,,,,19,0,0,750,930,0
17,4,2.836,0,0,0,,,,,,19,0,1,750,182,0
17,5,0.448,0,0,0,,,,,,19,0,2,750,178,0
17,5,0.854,750,0,450,,,,,,19,0,2.408,750,0,0
17,5,1.665,750,0,0,,,,,,19,0,2.964,1850,0,1100
17,5,2.165,0,0,0,,,,,,19,0,4.084,750,0,1100
17,5,2.665,0,0,0,,,,,,19,0,5.246,1200,0,450
17,5,3.165,0,0,0,,,,,,19,0,5.851,750,0,450
17,5,3.907,750,0,1850,,,,,,19,0,6.516,1200,0,450
17,5,4.407,0,0,0,,,,,,19,0,8.69,1850,0,650
17,5,4.907,0,0,0,,,,,,19,0,9.316,1200,0,650
17,6,0.026,0,0,0,,,,,,19,0,9.985,1200,0,0
17,7,0.026,0,0,0,,,,,,19,0,10.862,1200,0,0
18,0,0,750,768,0,,,,,,19,0,11.285,1850,0,650
18,0,1,750,49,0,,,,,,19,0,11.608,1850,0,0
18,0,2,750,301,0,,,,,,19,0,12.248,1850,0,0
18,0,2.819,750,0,0,,,,,,19,0,13.227,1850,0,0
18,0,3.574,1200,0,450,,,,,,19,0,13.411,1850,0,0
18,0,5,750,304,450,,,,,,19,0,13.587,1850,0,0
18,0,6,750,219,0,,,,,,19,0,14.072,1200,0,650
18,0,7,750,314,0,,,,,,19,0,15.078,750,0,450
18,0,8,750,112,0,,,,,,19,0,15.708,1850,0,0
18,0,9,750,11,0,,,,,,19,0,16.508,1850,0,0
18,0,9.821,750,0,0,,,,,,19,1,0.601,0,0,0
18,0,10.799,750,0,0,,,,,,19,1,1.116,750,0,0
18,0,12,750,243,0,,,,,,19,1,2.083,1200,0,450
18,0,12.877,1200,0,450,,,,,,19,1,2.655,1200,0,0
18,0,13.332,1200,0,0,,,,,,19,1,3.473,0,0,0
18,0,13.809,750,0,450,,,,,,19,1,4.175,1200,0,0
18,0,13.967,1200,0,0,,,,,,19,1,5.251,1850,0,650
18,0,14.125,1200,0,0,,,,,,19,1,6.242,1850,0,0
18,0,15.712,750,0,0,,,,,,19,1,6.918,1850,0,0
18,0,16.274,1200,0,0,,,,,,19,1,7.944,1850,0,0
18,1,0.462,1200,0,0,,,,,,19,1,8.633,1200,0,650
18,1,2.595,750,0,450,,,,,,19,1,9.629,1850,0,650
18,1,3.89,750,0,0,,,,,,19,1,9.757,1850,0,0
18,1,5,750,303,0,,,,,,19,1,10.114,750,0,1100
18,1,6,750,294,0,,,,,,19,1,10.244,1850,0,0
18,1,6.943,750,0,0,,,,,,19,1,11.521,750,0,0
18,1,7.726,750,0,0,,,,,,19,1,13.567,750,0,1100
18,1,8.527,750,0,0,,,,,,19,1,15.42,750,0,0
18,1,9.49,750,0,0,,,,,,19,1,16.95,750,0,0
18,1,9.954,750,0,0,,,,,,19,1,18,750,242,0
18,1,11.314,1200,0,0,,,,,,19,1,19,750,182,0
18,1,12,1200,351,450,,,,,,19,1,19.964,750,0,0
18,1,12.168,1200,0,0,,,,,,19,1,20.552,1200,0,450
18,1,12.339,1200,0,0,,,,,,19,1,20.669,1850,0,650
18,1,13.191,0,0,0,,,,,,19,1,20.817,1850,0,0
18,1,15,750,431,450,,,,,,19,1,20.941,1850,0,0
18,1,16,750,1547,0,,,,,,19,1,21.779,750,0,0
18,1,17,750,482,0,,,,,,19,1,22.261,1850,0,0
18,1,17.635,750,0,0,,,,,,19,1,23.156,1200,0,650
18,1,18.09,750,0,0,,,,,,19,1,23.906,750,0,450
18,1,18.468,750,0,0,,,,,,19,1,24.464,750,0,0
18,1,18.998,1200,0,0,,,,,,19,1,25.141,0,0,0
18,1,19.675,1200,0,0,,,,,,19,2,0.309,1850,0,1100
18,1,20.202,1200,0,450,,,,,,19,2,0.895,0,0,0
18,1,20.305,1200,0,0,,,,,,19,3,0.436,1200,0,650
18,1,21.289,1200,0,0,,,,,,19,3,1.574,750,0,0
18,1,21.485,1200,0,0,,,,,,19,3,2.387,1850,0,2300
18,1,21.912,1200,0,650,,,,,,19,3,2.667,0,0,0
18,1,22.518,1200,0,0,,,,,,19,3,3.762,750,0,450
18,1,22.622,1200,0,0,,,,,,19,3,5.571,0,0,0
18,1,23.412,1200,0,0,,,,,,19,4,1.569,0,0,0
18,1,23.616,1200,0,0,,,,,,19,4,2.792,0,0,0
18,1,23.993,1200,0,0,,,,,,19,5,1.515,0,0,0
18,1,24.717,1200,0,0,,,,,,19,5,2.453,750,0,0
18,1,25.319,1200,0,0,,,,,,19,5,3.817,750,0,0
18,1,25.819,0,0,0,,,,,,19,5,5,750,71,0
18,2,0.319,0,0,0,,,,,,19,6,0,750,276,0
18,2,1.203,0,0,0,,,,,,19,7,0,0,0,0
18,2,1.894,1200,0,450,,,,,,,,,,,
18,3,0.629,0,0,0,,,,,,,,,,,
18,3,1.098,750,0,450,,,,,,,,,,,
18,3,1.64,1200,0,450,,,,,,,,,,,
18,3,2.518,0,0,0,,,,,,,,,,,
18,3,3.018,0,0,0,,,,,,,,,,,
18,3,3.316,1200,0,1200,,,,,,,,,,,
18,3,3.816,0,0,0,,,,,,,,,,,
18,3,4.316,0,0,0,,,,,,,,,,,
18,3,4.44,0,0,0,,,,,,,,,,,
18,3,4.94,0,0,0,,,,,,,,,,,
18,3,5.44,0,0,0,,,,,,,,,,,
18,4,0.449,0,0,0,,,,,,,,,,,
18,4,1.07,0,0,0,,,,,,,,,,,
18,4,1.57,0,0,0,,,,,,,,,,,
18,4,2.07,0,0,0,,,,,,,,,,,
18,4,2.41,0,0,0,,,,,,,,,,,
18,5,0.022,0,0,0,,,,,,,,,,,
18,5,0.58,750,0,450,,,,,,,,,,,
18,5,1.351,750,0,0,,,,,,,,,,,
18,5,1.851,0,0,0,,,,,,,,,,,
18,5,2.351,0,0,0,,,,,,,,,,,
18,5,2.851,0,0,0,,,,,,,,,,,
18,5,3.351,0,0,0,,,,,,,,,,,
18,5,4.017,750,0,1200,,,,,,,,,,,
18,5,4.517,0,0,0,,,,,,,,,,,
18,5,5.017,0,0,0,,,,,,,,,,,
18,6,0.136,0,0,0,,,,,,,,,,,
18,7,0.136,0,0,0,,,,,,,,,,,
19,0,0,750,930,0,,,,,,,,,,,
19,0,1,750,182,0,,,,,,,,,,,
19,0,2,750,178,0,,,,,,,,,,,
19,0,2.408,750,0,0,,,,,,,,,,,
19,0,2.765,1200,0,450,,,,,,,,,,,
19,0,3.989,750,0,450,,,,,,,,,,,
19,0,4.112,1200,0,0,,,,,,,,,,,
19,0,4.936,750,0,0,,,,,,,,,,,
19,0,5.077,1200,0,0,,,,,,,,,,,
19,0,5.766,750,0,0,,,,,,,,,,,
19,0,6.132,1200,0,0,,,,,,,,,,,
19,0,6.564,750,0,0,,,,,,,,,,,
19,0,7.014,1200,0,0,,,,,,,,,,,
19,0,8.325,1200,0,450,,,,,,,,,,,
19,0,9.364,1200,0,0,,,,,,,,,,,
19,0,10.007,1200,0,0,,,,,,,,,,,
19,0,10.549,750,0,450,,,,,,,,,,,
19,0,11.186,1200,0,0,,,,,,,,,,,
19,0,11.467,1200,0,450,,,,,,,,,,,
19,0,12.092,0,0,0,,,,,,,,,,,
19,0,12.438,1850,0,650,,,,,,,,,,,
19,0,13.019,1850,0,650,,,,,,,,,,,
19,0,14.043,1850,0,0,,,,,,,,,,,
19,0,14.951,1850,0,0,,,,,,,,,,,
19,0,15.557,1850,0,0,,,,,,,,,,,
19,0,16.336,1850,0,0,,,,,,,,,,,
19,1,0.295,1850,0,650,,,,,,,,,,,
19,1,2.331,1850,0,650,,,,,,,,,,,
19,1,3.979,1850,0,0,,,,,,,,,,,
19,1,5,1850,515,0,,,,,,,,,,,
19,1,6,1850,326,0,,,,,,,,,,,
19,1,7,1850,665,0,,,,,,,,,,,
19,1,8,1850,864,0,,,,,,,,,,,
19,1,9,1850,641,0,,,,,,,,,,,
19,1,10,1850,322,0,,,,,,,,,,,
19,1,11,1850,839,0,,,,,,,,,,,
19,1,12,1850,148,0,,,,,,,,,,,
19,1,12.146,1850,0,0,,,,,,,,,,,
19,1,12.295,1850,0,0,,,,,,,,,,,
19,1,13.794,1850,0,0,,,,,,,,,,,
19,1,15,1850,4174,0,,,,,,,,,,,
19,1,16,1850,3020,0,,,,,,,,,,,
19,1,17,1850,5254,0,,,,,,,,,,,
19,1,18,1850,4652,0,,,,,,,,,,,
19,1,19,1850,3922,0,,,,,,,,,,,
19,1,20,1850,3702,0,,,,,,,,,,,
19,1,21,1200,177,650,,,,,,,,,,,
19,1,21.126,1200,0,0,,,,,,,,,,,
19,1,21.293,1200,0,0,,,,,,,,,,,
19,1,22.536,750,0,1100,,,,,,,,,,,
19,1,22.632,1200,0,0,,,,,,,,,,,
19,1,22.873,750,0,0,,,,,,,,,,,
19,1,23.196,750,0,0,,,,,,,,,,,
19,1,23.578,1200,0,0,,,,,,,,,,,
19,1,24.367,750,0,0,,,,,,,,,,,
19,1,24.867,0,0,0,,,,,,,,,,,
19,1,25.367,0,0,0,,,,,,,,,,,
19,1,25.867,0,0,0,,,,,,,,,,,
19,2,0.367,0,0,0,,,,,,,,,,,
19,2,0.923,0,0,0,,,,,,,,,,,
19,2,1.548,1200,0,450,,,,,,,,,,,
19,3,0.791,0,0,0,,,,,,,,,,,
19,3,1.728,750,0,1100,,,,,,,,,,,
19,3,2.368,750,0,0,,,,,,,,,,,
19,3,3.321,0,0,0,,,,,,,,,,,
19,3,3.689,1200,0,2300,,,,,,,,,,,
19,3,4.189,0,0,0,,,,,,,,,,,
19,3,4.349,0,0,0,,,,,,,,,,,
19,3,4.849,0,0,0,,,,,,,,,,,
19,3,5.349,0,0,0,,,,,,,,,,,
19,4,0.793,0,0,0,,,,,,,,,,,
19,4,1.842,0,0,0,,,,,,,,,,,
19,4,2.342,0,0,0,,,,,,,,,,,
19,5,0.179,0,0,0,,,,,,,,,,,
19,5,0.924,750,0,0,,,,,,,,,,,
19,5,2.647,750,0,0,,,,,,,,,,,
19,5,3.147,0,0,0,,,,,,,,,,,
19,5,3.935,750,0,1200,,,,,,,,,,,
19,5,4.435,0,0,0,,,,,,,,,,,
19,5,4.935,0,0,0,,,,,,,,,,,
19,6,0.054,0,0,0,,,,,,,,,,,
19,7,0.054,0,0,0,,,,,,,,,,,
